dexnum,name,generation,type1,type2,ability1,ability2,Ability 3,hp,atk,def,sp_atk,sp_def,spe,total
0001,Bulbasaur,1,Grass,Poison,Overgrow,Chlorophyll,,45,49,49,65,65,45,318
0002,Ivysaur,1,Grass,Poison,Overgrow,Chlorophyll,,60,62,63,80,80,60,405
0003,Venusaur,1,Grass,Poison,Overgrow,Chlorophyll,,80,82,83,100,100,80,525
0004,Charmander,1,Fire,,Blaze,Solar Power,,39,52,43,60,50,65,309
0005,Charmeleon,1,Fire,,Blaze,Solar Power,,58,64,58,80,65,80,405
0006,Charizard,1,Fire,Flying,Blaze,Solar Power,,78,84,78,109,85,100,534
0007,Squirtle,1,Water,,Torrent,Rain Dish,,44,48,65,50,64,43,314
0008,Wartortle,1,Water,,Torrent,Rain Dish,,59,63,80,65,80,58,405
0009,Blastoise,1,Water,,Torrent,Rain Dish,,79,83,100,85,105,78,530
0010,Caterpie,1,Bug,,Shield Dust,Run Away,,45,30,35,20,20,45,195
0011,Metapod,1,Bug,,Shed Skin,,,50,20,55,25,25,30,205
0012,Butterfree,1,Bug,Flying,Compound Eyes,Tinted Lens,,60,45,50,90,80,70,395
0013,Weedle,1,Bug,Poison,Shield Dust,Run Away,,40,35,30,20,20,50,195
0014,Kakuna,1,Bug,Poison,Shed Skin,,,45,25,50,25,25,35,205
0015,Beedrill,1,Bug,Poison,Swarm,Sniper,,65,90,40,45,80,75,395
0016,Pidgey,1,Normal,Flying,Keen Eye,Tangled Feet,Big Pecks,40,45,40,35,35,56,251
0017,Pidgeotto,1,Normal,Flying,Keen Eye,Tangled Feet,Big Pecks,63,60,55,50,50,71,349
0018,Pidgeot,1,Normal,Flying,Keen Eye,Tangled Feet,Big Pecks,83,80,75,70,70,101,479
0019,Rattata,1,Normal,,Run Away,Guts,Hustle,30,56,35,25,35,72,253
0020,Raticate,1,Normal,,Run Away,Guts,Hustle,55,81,60,50,70,97,413
0021,Spearow,1,Normal,Flying,Keen Eye,Sniper,,40,60,30,31,31,70,262
0022,Fearow,1,Normal,Flying,Keen Eye,Sniper,,65,90,65,61,61,100,442
0023,Ekans,1,Poison,,Intimidate,Shed Skin,Unnerve,35,60,44,40,54,55,288
0024,Arbok,1,Poison,,Intimidate,Shed Skin,Unnerve,60,95,69,65,79,80,448
0025,Pikachu,1,Electric,,Static,Lightning Rod,,35,55,40,50,50,90,320
0026,Raichu,1,Electric,,Static,Lightning Rod,,60,90,55,90,80,110,485
0027,Sandshrew,1,Ground,,Sand Veil,Sand Rush,,50,75,85,20,30,40,300
0028,Sandslash,1,Ground,,Sand Veil,Sand Rush,,75,100,110,45,55,65,450
0029,Nidoran♀ (female),1,Poison,,Poison Point,Rivalry,Hustle,55,47,52,40,40,41,275
0030,Nidorina,1,Poison,,Poison Point,Rivalry,Hustle,70,62,67,55,55,56,365
0031,Nidoqueen,1,Poison,Ground,Poison Point,Rivalry,Sheer Force,90,92,87,75,85,76,505
0032,Nidoran♂ (male),1,Poison,,Poison Point,Rivalry,Hustle,46,57,40,40,40,50,273
0033,Nidorino,1,Poison,,Poison Point,Rivalry,Hustle,61,72,57,55,55,65,365
0034,Nidoking,1,Poison,Ground,Poison Point,Rivalry,Sheer Force,81,102,77,85,75,85,505
0035,Clefairy,1,Fairy,,Cute Charm,Magic Guard,Friend Guard,70,45,48,60,65,35,323
0036,Clefable,1,Fairy,,Cute Charm,Magic Guard,Unaware,95,70,73,95,90,60,483
0037,Vulpix,1,Fire,,Flash Fire,Drought,,38,41,40,50,65,65,299
0038,Ninetales,1,Fire,,Flash Fire,Drought,,73,76,75,81,100,100,505
0039,Jigglypuff,1,Normal,Fairy,Cute Charm,Competitive,Friend Guard,115,45,20,45,25,20,270
0040,Wigglytuff,1,Normal,Fairy,Cute Charm,Competitive,Frisk,140,70,45,85,50,45,435
0041,Zubat,1,Poison,Flying,Inner Focus,Infiltrator,,40,45,35,30,40,55,245
0042,Golbat,1,Poison,Flying,Inner Focus,Infiltrator,,75,80,70,65,75,90,455
0043,Oddish,1,Grass,Poison,Chlorophyll,Run Away,,45,50,55,75,65,30,320
0044,Gloom,1,Grass,Poison,Chlorophyll,Stench,,60,65,70,85,75,40,395
0045,Vileplume,1,Grass,Poison,Chlorophyll,Effect Spore,,75,80,85,110,90,50,490
0046,Paras,1,Bug,Grass,Effect Spore,Dry Skin,Damp,35,70,55,45,55,25,285
0047,Parasect,1,Bug,Grass,Effect Spore,Dry Skin,Damp,60,95,80,60,80,30,405
0048,Venonat,1,Bug,Poison,Compound Eyes,Tinted Lens,Run Away,60,55,50,40,55,45,305
0049,Venomoth,1,Bug,Poison,Shield Dust,Tinted Lens,Wonder Skin,70,65,60,90,75,90,450
0050,Diglett,1,Ground,,Sand Veil,Arena Trap,Sand Force,10,55,25,35,45,95,265
0051,Dugtrio,1,Ground,,Sand Veil,Arena Trap,Sand Force,35,100,50,50,70,120,425
0052,Meowth,1,Normal,,Pickup,Technician,Unnerve,40,45,35,40,40,90,290
0053,Persian,1,Normal,,Limber,Technician,Unnerve,65,70,60,65,65,115,440
0054,Psyduck,1,Water,,Damp,Cloud Nine,Swift Swim,50,52,48,65,50,55,320
0055,Golduck,1,Water,,Damp,Cloud Nine,Swift Swim,80,82,78,95,80,85,500
0056,Mankey,1,Fighting,,Vital Spirit,Anger Point,Defiant,40,80,35,35,45,70,305
0057,Primeape,1,Fighting,,Vital Spirit,Anger Point,Defiant,65,105,60,60,70,95,455
0058,Growlithe,1,Fire,,Intimidate,Flash Fire,Justified,55,70,45,70,50,60,350
0059,Arcanine,1,Fire,,Intimidate,Flash Fire,Justified,90,110,80,100,80,95,555
0060,Poliwag,1,Water,,Water Absorb,Damp,Swift Swim,40,50,40,40,40,90,300
0061,Poliwhirl,1,Water,,Water Absorb,Damp,Swift Swim,65,65,65,50,50,90,385
0062,Poliwrath,1,Water,Fighting,Water Absorb,Damp,Swift Swim,90,95,95,70,90,70,510
0063,Abra,1,Psychic,,Synchronize,Inner Focus,Magic Guard,25,20,15,105,55,90,310
0064,Kadabra,1,Psychic,,Synchronize,Inner Focus,Magic Guard,40,35,30,120,70,105,400
0065,Alakazam,1,Psychic,,Synchronize,Inner Focus,Magic Guard,55,50,45,135,95,120,500
0066,Machop,1,Fighting,,Guts,No Guard,Steadfast,70,80,50,35,35,35,305
0067,Machoke,1,Fighting,,Guts,No Guard,Steadfast,80,100,70,50,60,45,405
0068,Machamp,1,Fighting,,Guts,No Guard,Steadfast,90,130,80,65,85,55,505
0069,Bellsprout,1,Grass,Poison,Chlorophyll,Gluttony,,50,75,35,70,30,40,300
0070,Weepinbell,1,Grass,Poison,Chlorophyll,Gluttony,,65,90,50,85,45,55,390
0071,Victreebel,1,Grass,Poison,Chlorophyll,Gluttony,,80,105,65,100,70,70,490
0072,Tentacool,1,Water,Poison,Clear Body,Liquid Ooze,Rain Dish,40,40,35,50,100,70,335
0073,Tentacruel,1,Water,Poison,Clear Body,Liquid Ooze,Rain Dish,80,70,65,80,120,100,515
0074,Geodude,1,Rock,Ground,Rock Head,Sturdy,Sand Veil,40,80,100,30,30,20,300
0075,Graveler,1,Rock,Ground,Rock Head,Sturdy,Sand Veil,55,95,115,45,45,35,390
0076,Golem,1,Rock,Ground,Rock Head,Sturdy,Sand Veil,80,120,130,55,65,45,495
0077,Ponyta,1,Fire,,Run Away,Flash Fire,Flame Body,50,85,55,65,65,90,410
0078,Rapidash,1,Fire,,Run Away,Flash Fire,Flame Body,65,100,70,80,80,105,500
0079,Slowpoke,1,Water,Psychic,Oblivious,Own Tempo,Regenerator,90,65,65,40,40,15,315
0080,Slowbro,1,Water,Psychic,Oblivious,Own Tempo,Regenerator,95,75,110,100,80,30,490
0081,Magnemite,1,Electric,Steel,Magnet Pull,Sturdy,Analytic,25,35,70,95,55,45,325
0082,Magneton,1,Electric,Steel,Magnet Pull,Sturdy,Analytic,50,60,95,120,70,70,465
0083,Farfetch'd,1,Normal,Flying,Keen Eye,Inner Focus,Defiant,52,90,55,58,62,60,377
0084,Doduo,1,Normal,Flying,Run Away,Early Bird,Tangled Feet,35,85,45,35,35,75,310
0085,Dodrio,1,Normal,Flying,Run Away,Early Bird,Tangled Feet,60,110,70,60,60,110,470
0086,Seel,1,Water,,Thick Fat,Hydration,Ice Body,65,45,55,45,70,45,325
0087,Dewgong,1,Water,Ice,Thick Fat,Hydration,Ice Body,90,70,80,70,95,70,475
0088,Grimer,1,Poison,,Stench,Sticky Hold,Poison Touch,80,80,50,40,50,25,325
0089,Muk,1,Poison,,Stench,Sticky Hold,Poison Touch,105,105,75,65,100,50,500
0090,Shellder,1,Water,,Shell Armor,Skill Link,Overcoat,30,65,100,45,25,40,305
0091,Cloyster,1,Water,Ice,Shell Armor,Skill Link,Overcoat,50,95,180,85,45,70,525
0092,Gastly,1,Ghost,Poison,Levitate,,,30,35,30,100,35,80,310
0093,Haunter,1,Ghost,Poison,Levitate,,,45,50,45,115,55,95,405
0094,Gengar,1,Ghost,Poison,Cursed Body,,,60,65,60,130,75,110,500
0095,Onix,1,Rock,Ground,Rock Head,Sturdy,Weak Armor,35,45,160,30,45,70,385
0096,Drowzee,1,Psychic,,Insomnia,Forewarn,Inner Focus,60,48,45,43,90,42,328
0097,Hypno,1,Psychic,,Insomnia,Forewarn,Inner Focus,85,73,70,73,115,67,483
0098,Krabby,1,Water,,Hyper Cutter,Shell Armor,Sheer Force,30,105,90,25,25,50,325
0099,Kingler,1,Water,,Hyper Cutter,Shell Armor,Sheer Force,55,130,115,50,50,75,475
0100,Voltorb,1,Electric,,Soundproof,Static,Aftermath,40,30,50,55,55,100,330
0101,Electrode,1,Electric,,Soundproof,Static,Aftermath,60,50,70,80,80,150,490
0102,Exeggcute,1,Grass,Psychic,Chlorophyll,Harvest,,60,40,80,60,45,40,325
0103,Exeggutor,1,Grass,Psychic,Chlorophyll,Harvest,,95,95,85,125,75,55,530
0104,Cubone,1,Ground,,Rock Head,Lightning Rod,Battle Armor,50,50,95,40,50,35,320
0105,Marowak,1,Ground,,Rock Head,Lightning Rod,Battle Armor,60,80,110,50,80,45,425
0106,Hitmonlee,1,Fighting,,Limber,Reckless,Unburden,50,120,53,35,110,87,455
0107,Hitmonchan,1,Fighting,,Keen Eye,Iron Fist,Inner Focus,50,105,79,35,110,76,455
0108,Lickitung,1,Normal,,Own Tempo,Oblivious,Cloud Nine,90,55,75,60,75,30,385
0109,Koffing,1,Poison,,Levitate,Neutralizing Gas,Stench,40,65,95,60,45,35,340
0110,Weezing,1,Poison,,Levitate,Neutralizing Gas,Stench,65,90,120,85,70,60,490
0111,Rhyhorn,1,Ground,Rock,Lightning Rod,Rock Head,Reckless,80,85,95,30,30,25,345
0112,Rhydon,1,Ground,Rock,Lightning Rod,Rock Head,Reckless,105,130,120,45,45,40,485
0113,Chansey,1,Normal,,Natural Cure,Serene Grace,Healer,250,5,5,35,105,50,450
0114,Tangela,1,Grass,,Chlorophyll,Leaf Guard,Regenerator,65,55,115,100,40,60,435
0115,Kangaskhan,1,Normal,,Early Bird,Scrappy,Inner Focus,105,95,80,40,80,90,490
0116,Horsea,1,Water,,Swift Swim,Sniper,Damp,30,40,70,70,25,60,295
0117,Seadra,1,Water,,Poison Point,Sniper,Damp,55,65,95,95,45,85,440
0118,Goldeen,1,Water,,Swift Swim,Water Veil,Lightning Rod,45,67,60,35,50,63,320
0119,Seaking,1,Water,,Swift Swim,Water Veil,Lightning Rod,80,92,65,65,80,68,450
0120,Staryu,1,Water,,Illuminate,Natural Cure,Analytic,30,45,55,70,55,85,340
0121,Starmie,1,Water,Psychic,Illuminate,Natural Cure,Analytic,60,75,85,100,85,115,520
0122,Mr. Mime,1,Psychic,Fairy,Soundproof,Filter,Technician,40,45,65,100,120,90,460
0123,Scyther,1,Bug,Flying,Swarm,Technician,Steadfast,70,110,80,55,80,105,500
0124,Jynx,1,Ice,Psychic,Oblivious,Forewarn,Dry Skin,65,50,35,115,95,95,455
0125,Electabuzz,1,Electric,,Static,Vital Spirit,,65,83,57,95,85,105,490
0126,Magmar,1,Fire,,Flame Body,Vital Spirit,,65,95,57,100,85,93,495
0127,Pinsir,1,Bug,,Hyper Cutter,Mold Breaker,Moxie,65,125,100,55,70,85,500
0128,Tauros,1,Normal,,Intimidate,Anger Point,Sheer Force,75,100,95,40,70,110,490
0129,Magikarp,1,Water,,Swift Swim,Rattled,,20,10,55,15,20,80,200
0130,Gyarados,1,Water,Flying,Intimidate,Moxie,,95,125,79,60,100,81,540
0131,Lapras,1,Water,Ice,Water Absorb,Shell Armor,Hydration,130,85,80,85,95,60,535
0132,Ditto,1,Normal,,Limber,Imposter,,48,48,48,48,48,48,288
0133,Eevee,1,Normal,,Run Away,Adaptability,Anticipation,55,55,50,45,65,55,325
0134,Vaporeon,1,Water,,Water Absorb,Hydration,,130,65,60,110,95,65,525
0135,Jolteon,1,Electric,,Volt Absorb,Quick Feet,,65,65,60,110,95,130,525
0136,Flareon,1,Fire,,Flash Fire,Guts,,65,130,60,95,110,65,525
0137,Porygon,1,Normal,,Trace,Download,Analytic,65,60,70,85,75,40,395
0138,Omanyte,1,Rock,Water,Swift Swim,Shell Armor,Weak Armor,35,40,100,90,55,35,355
0139,Omastar,1,Rock,Water,Swift Swim,Shell Armor,Weak Armor,70,60,125,115,70,55,495
0140,Kabuto,1,Rock,Water,Swift Swim,Battle Armor,Weak Armor,30,80,90,55,45,55,355
0141,Kabutops,1,Rock,Water,Swift Swim,Battle Armor,Weak Armor,60,115,105,65,70,80,495
0142,Aerodactyl,1,Rock,Flying,Rock Head,Pressure,Unnerve,80,105,65,60,75,130,515
0143,Snorlax,1,Normal,,Immunity,Thick Fat,Gluttony,160,110,65,65,110,30,540
0144,Articuno,1,Ice,Flying,Pressure,Snow Cloak,,90,85,100,95,125,85,580
0145,Zapdos,1,Electric,Flying,Pressure,Static,,90,90,85,125,90,100,580
0146,Moltres,1,Fire,Flying,Pressure,Flame Body,,90,100,90,125,85,90,580
0147,Dratini,1,Dragon,,Shed Skin,Marvel Scale,,41,64,45,50,50,50,300
0148,Dragonair,1,Dragon,,Shed Skin,Marvel Scale,,61,84,65,70,70,70,420
0149,Dragonite,1,Dragon,Flying,Inner Focus,Multiscale,,91,134,95,100,100,80,600
0150,Mewtwo,1,Psychic,,Pressure,Unnerve,,106,110,90,154,90,130,680
0151,Mew,1,Psychic,,Synchronize,,,100,100,100,100,100,100,600
0152,Chikorita,2,Grass,,Overgrow,Leaf Guard,,45,49,65,49,65,45,318
0153,Bayleef,2,Grass,,Overgrow,Leaf Guard,,60,62,80,63,80,60,405
0154,Meganium,2,Grass,,Overgrow,Leaf Guard,,80,82,100,83,100,80,525
0155,Cyndaquil,2,Fire,,Blaze,Flash Fire,,39,52,43,60,50,65,309
0156,Quilava,2,Fire,,Blaze,Flash Fire,,58,64,58,80,65,80,405
0157,Typhlosion,2,Fire,,Blaze,Flash Fire,,78,84,78,109,85,100,534
0158,Totodile,2,Water,,Torrent,Sheer Force,,50,65,64,44,48,43,314
0159,Croconaw,2,Water,,Torrent,Sheer Force,,65,80,80,59,63,58,405
0160,Feraligatr,2,Water,,Torrent,Sheer Force,,85,105,100,79,83,78,530
0161,Sentret,2,Normal,,Run Away,Keen Eye,Frisk,35,46,34,35,45,20,215
0162,Furret,2,Normal,,Run Away,Keen Eye,Frisk,85,76,64,45,55,90,415
0163,Hoothoot,2,Normal,Flying,Insomnia,Keen Eye,Tinted Lens,60,30,30,36,56,50,262
0164,Noctowl,2,Normal,Flying,Insomnia,Keen Eye,Tinted Lens,100,50,50,86,96,70,452
0165,Ledyba,2,Bug,Flying,Swarm,Early Bird,Rattled,40,20,30,40,80,55,265
0166,Ledian,2,Bug,Flying,Swarm,Early Bird,Iron Fist,55,35,50,55,110,85,390
0167,Spinarak,2,Bug,Poison,Swarm,Insomnia,Sniper,40,60,40,40,40,30,250
0168,Ariados,2,Bug,Poison,Swarm,Insomnia,Sniper,70,90,70,60,70,40,400
0169,Crobat,2,Poison,Flying,Inner Focus,Infiltrator,,85,90,80,70,80,130,535
0170,Chinchou,2,Water,Electric,Volt Absorb,Illuminate,Water Absorb,75,38,38,56,56,67,330
0171,Lanturn,2,Water,Electric,Volt Absorb,Illuminate,Water Absorb,125,58,58,76,76,67,460
0172,Pichu,2,Electric,,Static,Lightning Rod,,20,40,15,35,35,60,205
0173,Cleffa,2,Fairy,,Cute Charm,Magic Guard,Friend Guard,50,25,28,45,55,15,218
0174,Igglybuff,2,Normal,Fairy,Cute Charm,Competitive,Friend Guard,90,30,15,40,20,15,210
0175,Togepi,2,Fairy,,Hustle,Serene Grace,Super Luck,35,20,65,40,65,20,245
0176,Togetic,2,Fairy,Flying,Hustle,Serene Grace,Super Luck,55,40,85,80,105,40,405
0177,Natu,2,Psychic,Flying,Synchronize,Early Bird,Magic Bounce,40,50,45,70,45,70,320
0178,Xatu,2,Psychic,Flying,Synchronize,Early Bird,Magic Bounce,65,75,70,95,70,95,470
0179,Mareep,2,Electric,,Static,Plus,,55,40,40,65,45,35,280
0180,Flaaffy,2,Electric,,Static,Plus,,70,55,55,80,60,45,365
0181,Ampharos,2,Electric,,Static,Plus,,90,75,85,115,90,55,510
0182,Bellossom,2,Grass,,Chlorophyll,Healer,,75,80,95,90,100,50,490
0183,Marill,2,Water,Fairy,Thick Fat,Huge Power,Sap Sipper,70,20,50,20,50,40,250
0184,Azumarill,2,Water,Fairy,Thick Fat,Huge Power,Sap Sipper,100,50,80,60,80,50,420
0185,Sudowoodo,2,Rock,,Sturdy,Rock Head,Rattled,70,100,115,30,65,30,410
0186,Politoed,2,Water,,Water Absorb,Damp,Drizzle,90,75,75,90,100,70,500
0187,Hoppip,2,Grass,Flying,Chlorophyll,Leaf Guard,Infiltrator,35,35,40,35,55,50,250
0188,Skiploom,2,Grass,Flying,Chlorophyll,Leaf Guard,Infiltrator,55,45,50,45,65,80,340
0189,Jumpluff,2,Grass,Flying,Chlorophyll,Leaf Guard,Infiltrator,75,55,70,55,95,110,460
0190,Aipom,2,Normal,,Run Away,Pickup,Skill Link,55,70,55,40,55,85,360
0191,Sunkern,2,Grass,,Chlorophyll,Solar Power,Early Bird,30,30,30,30,30,30,180
0192,Sunflora,2,Grass,,Chlorophyll,Solar Power,Early Bird,75,75,55,105,85,30,425
0193,Yanma,2,Bug,Flying,Speed Boost,Compound Eyes,Frisk,65,65,45,75,45,95,390
0194,Wooper,2,Water,Ground,Damp,Water Absorb,Unaware,55,45,45,25,25,15,210
0195,Quagsire,2,Water,Ground,Damp,Water Absorb,Unaware,95,85,85,65,65,35,430
0196,Espeon,2,Psychic,,Synchronize,Magic Bounce,,65,65,60,130,95,110,525
0197,Umbreon,2,Dark,,Synchronize,Inner Focus,,95,65,110,60,130,65,525
0198,Murkrow,2,Dark,Flying,Insomnia,Super Luck,Prankster,60,85,42,85,42,91,405
0199,Slowking,2,Water,Psychic,Oblivious,Own Tempo,Regenerator,95,75,80,100,110,30,490
0200,Misdreavus,2,Ghost,,Levitate,,,60,60,60,85,85,85,435
0201,Unown,2,Psychic,,Levitate,,,48,72,48,72,48,48,336
0202,Wobbuffet,2,Psychic,,Shadow Tag,Telepathy,,190,33,58,33,58,33,405
0203,Girafarig,2,Normal,Psychic,Inner Focus,Early Bird,Sap Sipper,70,80,65,90,65,85,455
0204,Pineco,2,Bug,,Sturdy,Overcoat,,50,65,90,35,35,15,290
0205,Forretress,2,Bug,Steel,Sturdy,Overcoat,,75,90,140,60,60,40,465
0206,Dunsparce,2,Normal,,Serene Grace,Run Away,Rattled,100,70,70,65,65,45,415
0207,Gligar,2,Ground,Flying,Hyper Cutter,Sand Veil,Immunity,65,75,105,35,65,85,430
0208,Steelix,2,Steel,Ground,Rock Head,Sturdy,Sheer Force,75,85,200,55,65,30,510
0209,Snubbull,2,Fairy,,Intimidate,Run Away,Rattled,60,80,50,40,40,30,300
0210,Granbull,2,Fairy,,Intimidate,Quick Feet,Rattled,90,120,75,60,60,45,450
0211,Qwilfish,2,Water,Poison,Poison Point,Swift Swim,Intimidate,65,95,85,55,55,85,440
0212,Scizor,2,Bug,Steel,Swarm,Technician,Light Metal,70,130,100,55,80,65,500
0213,Shuckle,2,Bug,Rock,Sturdy,Gluttony,Contrary,20,10,230,10,230,5,505
0214,Heracross,2,Bug,Fighting,Swarm,Guts,Moxie,80,125,75,40,95,85,500
0215,Sneasel,2,Dark,Ice,Inner Focus,Keen Eye,Pickpocket,55,95,55,35,75,115,430
0216,Teddiursa,2,Normal,,Pickup,Quick Feet,Honey Gather,60,80,50,50,50,40,330
0217,Ursaring,2,Normal,,Guts,Quick Feet,Unnerve,90,130,75,75,75,55,500
0218,Slugma,2,Fire,,Magma Armor,Flame Body,Weak Armor,40,40,40,70,40,20,250
0219,Magcargo,2,Fire,Rock,Magma Armor,Flame Body,Weak Armor,60,50,120,90,80,30,430
0220,Swinub,2,Ice,Ground,Oblivious,Snow Cloak,Thick Fat,50,50,40,30,30,50,250
0221,Piloswine,2,Ice,Ground,Oblivious,Snow Cloak,Thick Fat,100,100,80,60,60,50,450
0222,Corsola,2,Water,Rock,Hustle,Natural Cure,Regenerator,65,55,95,65,95,35,410
0223,Remoraid,2,Water,,Hustle,Sniper,Moody,35,65,35,65,35,65,300
0224,Octillery,2,Water,,Suction Cups,Sniper,Moody,75,105,75,105,75,45,480
0225,Delibird,2,Ice,Flying,Vital Spirit,Hustle,Insomnia,45,55,45,65,45,75,330
0226,Mantine,2,Water,Flying,Swift Swim,Water Absorb,Water Veil,85,40,70,80,140,70,485
0227,Skarmory,2,Steel,Flying,Keen Eye,Sturdy,Weak Armor,65,80,140,40,70,70,465
0228,Houndour,2,Dark,Fire,Early Bird,Flash Fire,Unnerve,45,60,30,80,50,65,330
0229,Houndoom,2,Dark,Fire,Early Bird,Flash Fire,Unnerve,75,90,50,110,80,95,500
0230,Kingdra,2,Water,Dragon,Swift Swim,Sniper,Damp,75,95,95,95,95,85,540
0231,Phanpy,2,Ground,,Pickup,Sand Veil,,90,60,60,40,40,40,330
0232,Donphan,2,Ground,,Sturdy,Sand Veil,,90,120,120,60,60,50,500
0233,Porygon2,2,Normal,,Trace,Download,Analytic,85,80,90,105,95,60,515
0234,Stantler,2,Normal,,Intimidate,Frisk,Sap Sipper,73,95,62,85,65,85,465
0235,Smeargle,2,Normal,,Own Tempo,Technician,Moody,55,20,35,20,45,75,250
0236,Tyrogue,2,Fighting,,Guts,Steadfast,Vital Spirit,35,35,35,35,35,35,210
0237,Hitmontop,2,Fighting,,Intimidate,Technician,Steadfast,50,95,95,35,110,70,455
0238,Smoochum,2,Ice,Psychic,Oblivious,Forewarn,Hydration,45,30,15,85,65,65,305
0239,Elekid,2,Electric,,Static,Vital Spirit,,45,63,37,65,55,95,360
0240,Magby,2,Fire,,Flame Body,Vital Spirit,,45,75,37,70,55,83,365
0241,Miltank,2,Normal,,Thick Fat,Scrappy,Sap Sipper,95,80,105,40,70,100,490
0242,Blissey,2,Normal,,Natural Cure,Serene Grace,Healer,255,10,10,75,135,55,540
0243,Raikou,2,Electric,,Pressure,Inner Focus,,90,85,75,115,100,115,580
0244,Entei,2,Fire,,Pressure,Inner Focus,,115,115,85,90,75,100,580
0245,Suicune,2,Water,,Pressure,Inner Focus,,100,75,115,90,115,85,580
0246,Larvitar,2,Rock,Ground,Guts,Sand Veil,,50,64,50,45,50,41,300
0247,Pupitar,2,Rock,Ground,Shed Skin,,,70,84,70,65,70,51,410
0248,Tyranitar,2,Rock,Dark,Sand Stream,Unnerve,,100,134,110,95,100,61,600
0249,Lugia,2,Psychic,Flying,Pressure,Multiscale,,106,90,130,90,154,110,680
0250,Ho-oh,2,Fire,Flying,Pressure,Regenerator,,106,130,90,110,154,90,680
0251,Celebi,2,Psychic,Grass,Natural Cure,,,100,100,100,100,100,100,600
0252,Treecko,3,Grass,,Overgrow,Unburden,,40,45,35,65,55,70,310
0253,Grovyle,3,Grass,,Overgrow,Unburden,,50,65,45,85,65,95,405
0254,Sceptile,3,Grass,,Overgrow,Unburden,,70,85,65,105,85,120,530
0255,Torchic,3,Fire,,Blaze,Speed Boost,,45,60,40,70,50,45,310
0256,Combusken,3,Fire,Fighting,Blaze,Speed Boost,,60,85,60,85,60,55,405
0257,Blaziken,3,Fire,Fighting,Blaze,Speed Boost,,80,120,70,110,70,80,530
0258,Mudkip,3,Water,,Torrent,Damp,,50,70,50,50,50,40,310
0259,Marshtomp,3,Water,Ground,Torrent,Damp,,70,85,70,60,70,50,405
0260,Swampert,3,Water,Ground,Torrent,Damp,,100,110,90,85,90,60,535
0261,Poochyena,3,Dark,,Run Away,Quick Feet,Rattled,35,55,35,30,30,35,220
0262,Mightyena,3,Dark,,Intimidate,Quick Feet,Moxie,70,90,70,60,60,70,420
0263,Zigzagoon,3,Normal,,Pickup,Gluttony,Quick Feet,38,30,41,30,41,60,240
0264,Linoone,3,Normal,,Pickup,Gluttony,Quick Feet,78,70,61,50,61,100,420
0265,Wurmple,3,Bug,,Shield Dust,Run Away,,45,45,35,20,30,20,195
0266,Silcoon,3,Bug,,Shed Skin,,,50,35,55,25,25,15,205
0267,Beautifly,3,Bug,Flying,Swarm,Rivalry,,60,70,50,100,50,65,395
0268,Cascoon,3,Bug,,Shed Skin,,,50,35,55,25,25,15,205
0269,Dustox,3,Bug,Poison,Shield Dust,Compound Eyes,,60,50,70,50,90,65,385
0270,Lotad,3,Water,Grass,Swift Swim,Rain Dish,Own Tempo,40,30,30,40,50,30,220
0271,Lombre,3,Water,Grass,Swift Swim,Rain Dish,Own Tempo,60,50,50,60,70,50,340
0272,Ludicolo,3,Water,Grass,Swift Swim,Rain Dish,Own Tempo,80,70,70,90,100,70,480
0273,Seedot,3,Grass,,Chlorophyll,Early Bird,Pickpocket,40,40,50,30,30,30,220
0274,Nuzleaf,3,Grass,Dark,Chlorophyll,Early Bird,Pickpocket,70,70,40,60,40,60,340
0275,Shiftry,3,Grass,Dark,Chlorophyll,Early Bird,Pickpocket,90,100,60,90,60,80,480
0276,Taillow,3,Normal,Flying,Guts,Scrappy,,40,55,30,30,30,85,270
0277,Swellow,3,Normal,Flying,Guts,Scrappy,,60,85,60,75,50,125,455
0278,Wingull,3,Water,Flying,Keen Eye,Hydration,Rain Dish,40,30,30,55,30,85,270
0279,Pelipper,3,Water,Flying,Keen Eye,Drizzle,Rain Dish,60,50,100,95,70,65,440
0280,Ralts,3,Psychic,Fairy,Synchronize,Trace,Telepathy,28,25,25,45,35,40,198
0281,Kirlia,3,Psychic,Fairy,Synchronize,Trace,Telepathy,38,35,35,65,55,50,278
0282,Gardevoir,3,Psychic,Fairy,Synchronize,Trace,Telepathy,68,65,65,125,115,80,518
0283,Surskit,3,Bug,Water,Swift Swim,Rain Dish,,40,30,32,50,52,65,269
0284,Masquerain,3,Bug,Flying,Intimidate,Unnerve,,70,60,62,100,82,80,454
0285,Shroomish,3,Grass,,Effect Spore,Poison Heal,Quick Feet,60,40,60,40,60,35,295
0286,Breloom,3,Grass,Fighting,Effect Spore,Poison Heal,Technician,60,130,80,60,60,70,460
0287,Slakoth,3,Normal,,Truant,,,60,60,60,35,35,30,280
0288,Vigoroth,3,Normal,,Vital Spirit,,,80,80,80,55,55,90,440
0289,Slaking,3,Normal,,Truant,,,150,160,100,95,65,100,670
0290,Nincada,3,Bug,Ground,Compound Eyes,Run Away,,31,45,90,30,30,40,266
0291,Ninjask,3,Bug,Flying,Speed Boost,Infiltrator,,61,90,45,50,50,160,456
0292,Shedinja,3,Bug,Ghost,Wonder Guard,,,1,90,45,30,30,40,236
0293,Whismur,3,Normal,,Soundproof,Rattled,,64,51,23,51,23,28,240
0294,Loudred,3,Normal,,Soundproof,Scrappy,,84,71,43,71,43,48,360
0295,Exploud,3,Normal,,Soundproof,Scrappy,,104,91,63,91,73,68,490
0296,Makuhita,3,Fighting,,Thick Fat,Guts,Sheer Force,72,60,30,20,30,25,237
0297,Hariyama,3,Fighting,,Thick Fat,Guts,Sheer Force,144,120,60,40,60,50,474
0298,Azurill,3,Normal,Fairy,Thick Fat,Huge Power,Sap Sipper,50,20,40,20,40,20,190
0299,Nosepass,3,Rock,,Sturdy,Magnet Pull,Sand Force,30,45,135,45,90,30,375
0300,Skitty,3,Normal,,Cute Charm,Normalize,Wonder Skin,50,45,45,35,35,50,260
0301,Delcatty,3,Normal,,Cute Charm,Normalize,Wonder Skin,70,65,65,55,55,90,400
0302,Sableye,3,Dark,Ghost,Keen Eye,Stall,Prankster,50,75,75,65,65,50,380
0303,Mawile,3,Steel,Fairy,Hyper Cutter,Intimidate,Sheer Force,50,85,85,55,55,50,380
0304,Aron,3,Steel,Rock,Sturdy,Rock Head,Heavy Metal,50,70,100,40,40,30,330
0305,Lairon,3,Steel,Rock,Sturdy,Rock Head,Heavy Metal,60,90,140,50,50,40,430
0306,Aggron,3,Steel,Rock,Sturdy,Rock Head,Heavy Metal,70,110,180,60,60,50,530
0307,Meditite,3,Fighting,Psychic,Pure Power,Telepathy,,30,40,55,40,55,60,280
0308,Medicham,3,Fighting,Psychic,Pure Power,Telepathy,,60,60,75,60,75,80,410
0309,Electrike,3,Electric,,Static,Lightning Rod,Minus,40,45,40,65,40,65,295
0310,Manectric,3,Electric,,Static,Lightning Rod,Minus,70,75,60,105,60,105,475
0311,Plusle,3,Electric,,Plus,Lightning Rod,,60,50,40,85,75,95,405
0312,Minun,3,Electric,,Minus,Volt Absorb,,60,40,50,75,85,95,405
0313,Volbeat,3,Bug,,Illuminate,Swarm,Prankster,65,73,75,47,85,85,430
0314,Illumise,3,Bug,,Oblivious,Tinted Lens,Prankster,65,47,75,73,85,85,430
0315,Roselia,3,Grass,Poison,Natural Cure,Poison Point,Leaf Guard,50,60,45,100,80,65,400
0316,Gulpin,3,Poison,,Liquid Ooze,Sticky Hold,Gluttony,70,43,53,43,53,40,302
0317,Swalot,3,Poison,,Liquid Ooze,Sticky Hold,Gluttony,100,73,83,73,83,55,467
0318,Carvanha,3,Water,Dark,Rough Skin,Speed Boost,,45,90,20,65,20,65,305
0319,Sharpedo,3,Water,Dark,Rough Skin,Speed Boost,,70,120,40,95,40,95,460
0320,Wailmer,3,Water,,Water Veil,Oblivious,Pressure,130,70,35,70,35,60,400
0321,Wailord,3,Water,,Water Veil,Oblivious,Pressure,170,90,45,90,45,60,500
0322,Numel,3,Fire,Ground,Oblivious,Simple,Own Tempo,60,60,40,65,45,35,305
0323,Camerupt,3,Fire,Ground,Magma Armor,Solid Rock,Anger Point,70,100,70,105,75,40,460
0324,Torkoal,3,Fire,,White Smoke,Drought,Shell Armor,70,85,140,85,70,20,470
0325,Spoink,3,Psychic,,Thick Fat,Own Tempo,Gluttony,60,25,35,70,80,60,330
0326,Grumpig,3,Psychic,,Thick Fat,Own Tempo,Gluttony,80,45,65,90,110,80,470
0327,Spinda,3,Normal,,Own Tempo,Tangled Feet,Contrary,60,60,60,60,60,60,360
0328,Trapinch,3,Ground,,Hyper Cutter,Arena Trap,Sheer Force,45,100,45,45,45,10,290
0329,Vibrava,3,Ground,Dragon,Levitate,,,50,70,50,50,50,70,340
0330,Flygon,3,Ground,Dragon,Levitate,,,80,100,80,80,80,100,520
0331,Cacnea,3,Grass,,Sand Veil,Water Absorb,,50,85,40,85,40,35,335
0332,Cacturne,3,Grass,Dark,Sand Veil,Water Absorb,,70,115,60,115,60,55,475
0333,Swablu,3,Normal,Flying,Natural Cure,Cloud Nine,,45,40,60,40,75,50,310
0334,Altaria,3,Dragon,Flying,Natural Cure,Cloud Nine,,75,70,90,70,105,80,490
0335,Zangoose,3,Normal,,Immunity,Toxic Boost,,73,115,60,60,60,90,458
0336,Seviper,3,Poison,,Shed Skin,Infiltrator,,73,100,60,100,60,65,458
0337,Lunatone,3,Rock,Psychic,Levitate,,,90,55,65,95,85,70,460
0338,Solrock,3,Rock,Psychic,Levitate,,,90,95,85,55,65,70,460
0339,Barboach,3,Water,Ground,Oblivious,Anticipation,Hydration,50,48,43,46,41,60,288
0340,Whiscash,3,Water,Ground,Oblivious,Anticipation,Hydration,110,78,73,76,71,60,468
0341,Corphish,3,Water,,Hyper Cutter,Shell Armor,Adaptability,43,80,65,50,35,35,308
0342,Crawdaunt,3,Water,Dark,Hyper Cutter,Shell Armor,Adaptability,63,120,85,90,55,55,468
0343,Baltoy,3,Ground,Psychic,Levitate,,,40,40,55,40,70,55,300
0344,Claydol,3,Ground,Psychic,Levitate,,,60,70,105,70,120,75,500
0345,Lileep,3,Rock,Grass,Suction Cups,Storm Drain,,66,41,77,61,87,23,355
0346,Cradily,3,Rock,Grass,Suction Cups,Storm Drain,,86,81,97,81,107,43,495
0347,Anorith,3,Rock,Bug,Battle Armor,Swift Swim,,45,95,50,40,50,75,355
0348,Armaldo,3,Rock,Bug,Battle Armor,Swift Swim,,75,125,100,70,80,45,495
0349,Feebas,3,Water,,Swift Swim,Oblivious,Adaptability,20,15,20,10,55,80,200
0350,Milotic,3,Water,,Marvel Scale,Competitive,Cute Charm,95,60,79,100,125,81,540
0351,Castform,3,Normal,,Forecast,,,70,70,70,70,70,70,420
0352,Kecleon,3,Normal,,Color Change,Protean,,60,90,70,60,120,40,440
0353,Shuppet,3,Ghost,,Insomnia,Frisk,Cursed Body,44,75,35,63,33,45,295
0354,Banette,3,Ghost,,Insomnia,Frisk,Cursed Body,64,115,65,83,63,65,455
0355,Duskull,3,Ghost,,Levitate,Frisk,,20,40,90,30,90,25,295
0356,Dusclops,3,Ghost,,Pressure,Frisk,,40,70,130,60,130,25,455
0357,Tropius,3,Grass,Flying,Chlorophyll,Solar Power,Harvest,99,68,83,72,87,51,460
0358,Chimecho,3,Psychic,,Levitate,,,75,50,80,95,90,65,455
0359,Absol,3,Dark,,Pressure,Super Luck,Justified,65,130,60,75,60,75,465
0360,Wynaut,3,Psychic,,Shadow Tag,Telepathy,,95,23,48,23,48,23,260
0361,Snorunt,3,Ice,,Inner Focus,Ice Body,Moody,50,50,50,50,50,50,300
0362,Glalie,3,Ice,,Inner Focus,Ice Body,Moody,80,80,80,80,80,80,480
0363,Spheal,3,Ice,Water,Thick Fat,Ice Body,Oblivious,70,40,50,55,50,25,290
0364,Sealeo,3,Ice,Water,Thick Fat,Ice Body,Oblivious,90,60,70,75,70,45,410
0365,Walrein,3,Ice,Water,Thick Fat,Ice Body,Oblivious,110,80,90,95,90,65,530
0366,Clamperl,3,Water,,Shell Armor,Rattled,,35,64,85,74,55,32,345
0367,Huntail,3,Water,,Swift Swim,Water Veil,,55,104,105,94,75,52,485
0368,Gorebyss,3,Water,,Swift Swim,Hydration,,55,84,105,114,75,52,485
0369,Relicanth,3,Water,Rock,Swift Swim,Rock Head,Sturdy,100,90,130,45,65,55,485
0370,Luvdisc,3,Water,,Swift Swim,Hydration,,43,30,55,40,65,97,330
0371,Bagon,3,Dragon,,Rock Head,Sheer Force,,45,75,60,40,30,50,300
0372,Shelgon,3,Dragon,,Rock Head,Overcoat,,65,95,100,60,50,50,420
0373,Salamence,3,Dragon,Flying,Intimidate,Moxie,,95,135,80,110,80,100,600
0374,Beldum,3,Steel,Psychic,Clear Body,Light Metal,,40,55,80,35,60,30,300
0375,Metang,3,Steel,Psychic,Clear Body,Light Metal,,60,75,100,55,80,50,420
0376,Metagross,3,Steel,Psychic,Clear Body,Light Metal,,80,135,130,95,90,70,600
0377,Regirock,3,Rock,,Clear Body,Sturdy,,80,100,200,50,100,50,580
0378,Regice,3,Ice,,Clear Body,Ice Body,,80,50,100,100,200,50,580
0379,Registeel,3,Steel,,Clear Body,Light Metal,,80,75,150,75,150,50,580
0380,Latias,3,Dragon,Psychic,Levitate,,,80,80,90,110,130,110,600
0381,Latios,3,Dragon,Psychic,Levitate,,,80,90,80,130,110,110,600
0382,Kyogre,3,Water,,Drizzle,,,100,100,90,150,140,90,670
0383,Groudon,3,Ground,,Drought,,,100,150,140,100,90,90,670
0384,Rayquaza,3,Dragon,Flying,Air Lock,,,105,150,90,150,90,95,680
0385,Jirachi,3,Steel,Psychic,Serene Grace,,,100,100,100,100,100,100,600
0386,Deoxys,3,Psychic,,Pressure,,,50,150,50,150,50,150,600
0387,Turtwig,4,Grass,,Overgrow,Shell Armor,,55,68,64,45,55,31,318
0388,Grotle,4,Grass,,Overgrow,Shell Armor,,75,89,85,55,65,36,405
0389,Torterra,4,Grass,Ground,Overgrow,Shell Armor,,95,109,105,75,85,56,525
0390,Chimchar,4,Fire,,Blaze,Iron Fist,,44,58,44,58,44,61,309
0391,Monferno,4,Fire,Fighting,Blaze,Iron Fist,,64,78,52,78,52,81,405
0392,Infernape,4,Fire,Fighting,Blaze,Iron Fist,,76,104,71,104,71,108,534
0393,Piplup,4,Water,,Torrent,Defiant,,53,51,53,61,56,40,314
0394,Prinplup,4,Water,,Torrent,Defiant,,64,66,68,81,76,50,405
0395,Empoleon,4,Water,Steel,Torrent,Defiant,,84,86,88,111,101,60,530
0396,Starly,4,Normal,Flying,Keen Eye,Reckless,,40,55,30,30,30,60,245
0397,Staravia,4,Normal,Flying,Intimidate,Reckless,,55,75,50,40,40,80,340
0398,Staraptor,4,Normal,Flying,Intimidate,Reckless,,85,120,70,50,60,100,485
0399,Bidoof,4,Normal,,Simple,Unaware,Moody,59,45,40,35,40,31,250
0400,Bibarel,4,Normal,Water,Simple,Unaware,Moody,79,85,60,55,60,71,410
0401,Kricketot,4,Bug,,Shed Skin,Run Away,,37,25,41,25,41,25,194
0402,Kricketune,4,Bug,,Swarm,Technician,,77,85,51,55,51,65,384
0403,Shinx,4,Electric,,Rivalry,Intimidate,Guts,45,65,34,40,34,45,263
0404,Luxio,4,Electric,,Rivalry,Intimidate,Guts,60,85,49,60,49,60,363
0405,Luxray,4,Electric,,Rivalry,Intimidate,Guts,80,120,79,95,79,70,523
0406,Budew,4,Grass,Poison,Natural Cure,Poison Point,Leaf Guard,40,30,35,50,70,55,280
0407,Roserade,4,Grass,Poison,Natural Cure,Poison Point,Technician,60,70,65,125,105,90,515
0408,Cranidos,4,Rock,,Mold Breaker,Sheer Force,,67,125,40,30,30,58,350
0409,Rampardos,4,Rock,,Mold Breaker,Sheer Force,,97,165,60,65,50,58,495
0410,Shieldon,4,Rock,Steel,Sturdy,Soundproof,,30,42,118,42,88,30,350
0411,Bastiodon,4,Rock,Steel,Sturdy,Soundproof,,60,52,168,47,138,30,495
0412,Burmy,4,Bug,,Shed Skin,Overcoat,,40,29,45,29,45,36,224
0413,Wormadam,4,Bug,Grass,Anticipation,Overcoat,,60,59,85,79,105,36,424
0414,Mothim,4,Bug,Flying,Swarm,Tinted Lens,,70,94,50,94,50,66,424
0415,Combee,4,Bug,Flying,Honey Gather,Hustle,,30,30,42,30,42,70,244
0416,Vespiquen,4,Bug,Flying,Pressure,Unnerve,,70,80,102,80,102,40,474
0417,Pachirisu,4,Electric,,Run Away,Pickup,Volt Absorb,60,45,70,45,90,95,405
0418,Buizel,4,Water,,Swift Swim,Water Veil,,55,65,35,60,30,85,330
0419,Floatzel,4,Water,,Swift Swim,Water Veil,,85,105,55,85,50,115,495
0420,Cherubi,4,Grass,,Chlorophyll,,,45,35,45,62,53,35,275
0421,Cherrim,4,Grass,,Flower Gift,,,70,60,70,87,78,85,450
0422,Shellos,4,Water,,Sticky Hold,Storm Drain,Sand Force,76,48,48,57,62,34,325
0423,Gastrodon,4,Water,Ground,Sticky Hold,Storm Drain,Sand Force,111,83,68,92,82,39,475
0424,Ambipom,4,Normal,,Technician,Pickup,Skill Link,75,100,66,60,66,115,482
0425,Drifloon,4,Ghost,Flying,Aftermath,Unburden,Flare Boost,90,50,34,60,44,70,348
0426,Drifblim,4,Ghost,Flying,Aftermath,Unburden,Flare Boost,150,80,44,90,54,80,498
0427,Buneary,4,Normal,,Run Away,Klutz,Limber,55,66,44,44,56,85,350
0428,Lopunny,4,Normal,,Cute Charm,Klutz,Limber,65,76,84,54,96,105,480
0429,Mismagius,4,Ghost,,Levitate,,,60,60,60,105,105,105,495
0430,Honchkrow,4,Dark,Flying,Insomnia,Super Luck,Moxie,100,125,52,105,52,71,505
0431,Glameow,4,Normal,,Limber,Own Tempo,Keen Eye,49,55,42,42,37,85,310
0432,Purugly,4,Normal,,Thick Fat,Own Tempo,Defiant,71,82,64,64,59,112,452
0433,Chingling,4,Psychic,,Levitate,,,45,30,50,65,50,45,285
0434,Stunky,4,Poison,Dark,Stench,Aftermath,Keen Eye,63,63,47,41,41,74,329
0435,Skuntank,4,Poison,Dark,Stench,Aftermath,Keen Eye,103,93,67,71,61,84,479
0436,Bronzor,4,Steel,Psychic,Levitate,Heatproof,Heavy Metal,57,24,86,24,86,23,300
0437,Bronzong,4,Steel,Psychic,Levitate,Heatproof,Heavy Metal,67,89,116,79,116,33,500
0438,Bonsly,4,Rock,,Sturdy,Rock Head,Rattled,50,80,95,10,45,10,290
0439,Mime Jr.,4,Psychic,Fairy,Soundproof,Filter,Technician,20,25,45,70,90,60,310
0440,Happiny,4,Normal,,Natural Cure,Serene Grace,Friend Guard,100,5,5,15,65,30,220
0441,Chatot,4,Normal,Flying,Keen Eye,Tangled Feet,Big Pecks,76,65,45,92,42,91,411
0442,Spiritomb,4,Ghost,Dark,Pressure,Infiltrator,,50,92,108,92,108,35,485
0443,Gible,4,Dragon,Ground,Sand Veil,Rough Skin,,58,70,45,40,45,42,300
0444,Gabite,4,Dragon,Ground,Sand Veil,Rough Skin,,68,90,65,50,55,82,410
0445,Garchomp,4,Dragon,Ground,Sand Veil,Rough Skin,,108,130,95,80,85,102,600
0446,Munchlax,4,Normal,,Pickup,Thick Fat,Gluttony,135,85,40,40,85,5,390
0447,Riolu,4,Fighting,,Steadfast,Inner Focus,Prankster,40,70,40,35,40,60,285
0448,Lucario,4,Fighting,Steel,Steadfast,Inner Focus,Justified,70,110,70,115,70,90,525
0449,Hippopotas,4,Ground,,Sand Stream,Sand Force,,68,72,78,38,42,32,330
0450,Hippowdon,4,Ground,,Sand Stream,Sand Force,,108,112,118,68,72,47,525
0451,Skorupi,4,Poison,Bug,Battle Armor,Sniper,Keen Eye,40,50,90,30,55,65,330
0452,Drapion,4,Poison,Dark,Battle Armor,Sniper,Keen Eye,70,90,110,60,75,95,500
0453,Croagunk,4,Poison,Fighting,Anticipation,Dry Skin,Poison Touch,48,61,40,61,40,50,300
0454,Toxicroak,4,Poison,Fighting,Anticipation,Dry Skin,Poison Touch,83,106,65,86,65,85,490
0455,Carnivine,4,Grass,,Levitate,,,74,100,72,90,72,46,454
0456,Finneon,4,Water,,Swift Swim,Storm Drain,Water Veil,49,49,56,49,61,66,330
0457,Lumineon,4,Water,,Swift Swim,Storm Drain,Water Veil,69,69,76,69,86,91,460
0458,Mantyke,4,Water,Flying,Swift Swim,Water Absorb,Water Veil,45,20,50,60,120,50,345
0459,Snover,4,Grass,Ice,Snow Warning,Soundproof,,60,62,50,62,60,40,334
0460,Abomasnow,4,Grass,Ice,Snow Warning,Soundproof,,90,92,75,92,85,60,494
0461,Weavile,4,Dark,Ice,Pressure,Pickpocket,,70,120,65,45,85,125,510
0462,Magnezone,4,Electric,Steel,Magnet Pull,Sturdy,Analytic,70,70,115,130,90,60,535
0463,Lickilicky,4,Normal,,Own Tempo,Oblivious,Cloud Nine,110,85,95,80,95,50,515
0464,Rhyperior,4,Ground,Rock,Lightning Rod,Solid Rock,Reckless,115,140,130,55,55,40,535
0465,Tangrowth,4,Grass,,Chlorophyll,Leaf Guard,Regenerator,100,100,125,110,50,50,535
0466,Electivire,4,Electric,,Motor Drive,Vital Spirit,,75,123,67,95,85,95,540
0467,Magmortar,4,Fire,,Flame Body,Vital Spirit,,75,95,67,125,95,83,540
0468,Togekiss,4,Fairy,Flying,Hustle,Serene Grace,Super Luck,85,50,95,120,115,80,545
0469,Yanmega,4,Bug,Flying,Speed Boost,Tinted Lens,Frisk,86,76,86,116,56,95,515
0470,Leafeon,4,Grass,,Leaf Guard,Chlorophyll,,65,110,130,60,65,95,525
0471,Glaceon,4,Ice,,Snow Cloak,Ice Body,,65,60,110,130,95,65,525
0472,Gliscor,4,Ground,Flying,Hyper Cutter,Sand Veil,Poison Heal,75,95,125,45,75,95,510
0473,Mamoswine,4,Ice,Ground,Oblivious,Snow Cloak,Thick Fat,110,130,80,70,60,80,530
0474,Porygon-Z,4,Normal,,Adaptability,Download,Analytic,85,80,70,135,75,90,535
0475,Gallade,4,Psychic,Fighting,Steadfast,Sharpness,Justified,68,125,65,65,115,80,518
0476,Probopass,4,Rock,Steel,Sturdy,Magnet Pull,Sand Force,60,55,145,75,150,40,525
0477,Dusknoir,4,Ghost,,Pressure,Frisk,,45,100,135,65,135,45,525
0478,Froslass,4,Ice,Ghost,Snow Cloak,Cursed Body,,70,80,70,80,70,110,480
0479,Rotom,4,Electric,Ghost,Levitate,,,50,50,77,95,77,91,440
0480,Uxie,4,Psychic,,Levitate,,,75,75,130,75,130,95,580
0481,Mesprit,4,Psychic,,Levitate,,,80,105,105,105,105,80,580
0482,Azelf,4,Psychic,,Levitate,,,75,125,70,125,70,115,580
0483,Dialga,4,Steel,Dragon,Pressure,Telepathy,,100,120,120,150,100,90,680
0484,Palkia,4,Water,Dragon,Pressure,Telepathy,,90,120,100,150,120,100,680
0485,Heatran,4,Fire,Steel,Flash Fire,Flame Body,,91,90,106,130,106,77,600
0486,Regigigas,4,Normal,,Slow Start,,,110,160,110,80,110,100,670
0487,Giratina,4,Ghost,Dragon,Pressure,Telepathy,,150,100,120,100,120,90,680
0488,Cresselia,4,Psychic,,Levitate,,,120,70,110,75,120,85,580
0489,Phione,4,Water,,Hydration,,,80,80,80,80,80,80,480
0490,Manaphy,4,Water,,Hydration,,,100,100,100,100,100,100,600
0491,Darkrai,4,Dark,,Bad Dreams,,,70,90,90,135,90,125,600
0492,Shaymin,4,Grass,,Natural Cure,,,100,100,100,100,100,100,600
0493,Arceus,4,Normal,,Multitype,,,120,120,120,120,120,120,720
0494,Victini,5,Psychic,Fire,Victory Star,,,100,100,100,100,100,100,600
0495,Snivy,5,Grass,,Overgrow,Contrary,,45,45,55,45,55,63,308
0496,Servine,5,Grass,,Overgrow,Contrary,,60,60,75,60,75,83,413
0497,Serperior,5,Grass,,Overgrow,Contrary,,75,75,95,75,95,113,528
0498,Tepig,5,Fire,,Blaze,Thick Fat,,65,63,45,45,45,45,308
0499,Pignite,5,Fire,Fighting,Blaze,Thick Fat,,90,93,55,70,55,55,418
0500,Emboar,5,Fire,Fighting,Blaze,Reckless,,110,123,65,100,65,65,528
0501,Oshawott,5,Water,,Torrent,Shell Armor,,55,55,45,63,45,45,308
0502,Dewott,5,Water,,Torrent,Shell Armor,,75,75,60,83,60,60,413
0503,Samurott,5,Water,,Torrent,Shell Armor,,95,100,85,108,70,70,528
0504,Patrat,5,Normal,,Run Away,Keen Eye,Analytic,45,55,39,35,39,42,255
0505,Watchog,5,Normal,,Illuminate,Keen Eye,Analytic,60,85,69,60,69,77,420
0506,Lillipup,5,Normal,,Vital Spirit,Pickup,Run Away,45,60,45,25,45,55,275
0507,Herdier,5,Normal,,Intimidate,Sand Rush,Scrappy,65,80,65,35,65,60,370
0508,Stoutland,5,Normal,,Intimidate,Sand Rush,Scrappy,85,110,90,45,90,80,500
0509,Purrloin,5,Dark,,Limber,Unburden,Prankster,41,50,37,50,37,66,281
0510,Liepard,5,Dark,,Limber,Unburden,Prankster,64,88,50,88,50,106,446
0511,Pansage,5,Grass,,Gluttony,Overgrow,,50,53,48,53,48,64,316
0512,Simisage,5,Grass,,Gluttony,Overgrow,,75,98,63,98,63,101,498
0513,Pansear,5,Fire,,Gluttony,Blaze,,50,53,48,53,48,64,316
0514,Simisear,5,Fire,,Gluttony,Blaze,,75,98,63,98,63,101,498
0515,Panpour,5,Water,,Gluttony,Torrent,,50,53,48,53,48,64,316
0516,Simipour,5,Water,,Gluttony,Torrent,,75,98,63,98,63,101,498
0517,Munna,5,Psychic,,Forewarn,Synchronize,Telepathy,76,25,45,67,55,24,292
0518,Musharna,5,Psychic,,Forewarn,Synchronize,Telepathy,116,55,85,107,95,29,487
0519,Pidove,5,Normal,Flying,Big Pecks,Super Luck,Rivalry,50,55,50,36,30,43,264
0520,Tranquill,5,Normal,Flying,Big Pecks,Super Luck,Rivalry,62,77,62,50,42,65,358
0521,Unfezant,5,Normal,Flying,Big Pecks,Super Luck,Rivalry,80,115,80,65,55,93,488
0522,Blitzle,5,Electric,,Lightning Rod,Motor Drive,Sap Sipper,45,60,32,50,32,76,295
0523,Zebstrika,5,Electric,,Lightning Rod,Motor Drive,Sap Sipper,75,100,63,80,63,116,497
0524,Roggenrola,5,Rock,,Sturdy,Weak Armor,Sand Force,55,75,85,25,25,15,280
0525,Boldore,5,Rock,,Sturdy,Weak Armor,Sand Force,70,105,105,50,40,20,390
0526,Gigalith,5,Rock,,Sturdy,Sand Stream,Sand Force,85,135,130,60,80,25,515
0527,Woobat,5,Psychic,Flying,Unaware,Klutz,Simple,65,45,43,55,43,72,323
0528,Swoobat,5,Psychic,Flying,Unaware,Klutz,Simple,67,57,55,77,55,114,425
0529,Drilbur,5,Ground,,Sand Rush,Sand Force,Mold Breaker,60,85,40,30,45,68,328
0530,Excadrill,5,Ground,Steel,Sand Rush,Sand Force,Mold Breaker,110,135,60,50,65,88,508
0531,Audino,5,Normal,,Healer,Regenerator,Klutz,103,60,86,60,86,50,445
0532,Timburr,5,Fighting,,Guts,Sheer Force,Iron Fist,75,80,55,25,35,35,305
0533,Gurdurr,5,Fighting,,Guts,Sheer Force,Iron Fist,85,105,85,40,50,40,405
0534,Conkeldurr,5,Fighting,,Guts,Sheer Force,Iron Fist,105,140,95,55,65,45,505
0535,Tympole,5,Water,,Swift Swim,Hydration,Water Absorb,50,50,40,50,40,64,294
0536,Palpitoad,5,Water,Ground,Swift Swim,Hydration,Water Absorb,75,65,55,65,55,69,384
0537,Seismitoad,5,Water,Ground,Swift Swim,Poison Touch,Water Absorb,105,95,75,85,75,74,509
0538,Throh,5,Fighting,,Guts,Inner Focus,Mold Breaker,120,100,85,30,85,45,465
0539,Sawk,5,Fighting,,Sturdy,Inner Focus,Mold Breaker,75,125,75,30,75,85,465
0540,Sewaddle,5,Bug,Grass,Swarm,Chlorophyll,Overcoat,45,53,70,40,60,42,310
0541,Swadloon,5,Bug,Grass,Leaf Guard,Chlorophyll,Overcoat,55,63,90,50,80,42,380
0542,Leavanny,5,Bug,Grass,Swarm,Chlorophyll,Overcoat,75,103,80,70,80,92,500
0543,Venipede,5,Bug,Poison,Poison Point,Swarm,Speed Boost,30,45,59,30,39,57,260
0544,Whirlipede,5,Bug,Poison,Poison Point,Swarm,Speed Boost,40,55,99,40,79,47,360
0545,Scolipede,5,Bug,Poison,Poison Point,Swarm,Speed Boost,60,100,89,55,69,112,485
0546,Cottonee,5,Grass,Fairy,Prankster,Infiltrator,Chlorophyll,40,27,60,37,50,66,280
0547,Whimsicott,5,Grass,Fairy,Prankster,Infiltrator,Chlorophyll,60,67,85,77,75,116,480
0548,Petilil,5,Grass,,Chlorophyll,Own Tempo,Leaf Guard,45,35,50,70,50,30,280
0549,Lilligant,5,Grass,,Chlorophyll,Own Tempo,Leaf Guard,70,60,75,110,75,90,480
0550,Basculin,5,Water,,Reckless,Adaptability,Mold Breaker,70,92,65,80,55,98,460
0551,Sandile,5,Ground,Dark,Intimidate,Moxie,Anger Point,50,72,35,35,35,65,292
0552,Krokorok,5,Ground,Dark,Intimidate,Moxie,Anger Point,60,82,45,45,45,74,351
0553,Krookodile,5,Ground,Dark,Intimidate,Moxie,Anger Point,95,117,80,65,70,92,519
0554,Darumaka,5,Fire,,Hustle,Inner Focus,,70,90,45,15,45,50,315
0555,Darmanitan,5,Fire,,Sheer Force,Zen Mode,,105,140,55,30,55,95,480
0556,Maractus,5,Grass,,Water Absorb,Chlorophyll,Storm Drain,75,86,67,106,67,60,461
0557,Dwebble,5,Bug,Rock,Sturdy,Shell Armor,Weak Armor,50,65,85,35,35,55,325
0558,Crustle,5,Bug,Rock,Sturdy,Shell Armor,Weak Armor,70,105,125,65,75,45,485
0559,Scraggy,5,Dark,Fighting,Shed Skin,Moxie,Intimidate,50,75,70,35,70,48,348
0560,Scrafty,5,Dark,Fighting,Shed Skin,Moxie,Intimidate,65,90,115,45,115,58,488
0561,Sigilyph,5,Psychic,Flying,Wonder Skin,Magic Guard,Tinted Lens,72,58,80,103,80,97,490
0562,Yamask,5,Ghost,,Mummy,,,38,30,85,55,65,30,303
0563,Cofagrigus,5,Ghost,,Mummy,,,58,50,145,95,105,30,483
0564,Tirtouga,5,Water,Rock,Solid Rock,Sturdy,Swift Swim,54,78,103,53,45,22,355
0565,Carracosta,5,Water,Rock,Solid Rock,Sturdy,Swift Swim,74,108,133,83,65,32,495
0566,Archen,5,Rock,Flying,Defeatist,,,55,112,45,74,45,70,401
0567,Archeops,5,Rock,Flying,Defeatist,,,75,140,65,112,65,110,567
0568,Trubbish,5,Poison,,Stench,Sticky Hold,Aftermath,50,50,62,40,62,65,329
0569,Garbodor,5,Poison,,Stench,Weak Armor,Aftermath,80,95,82,60,82,75,474
0570,Zorua,5,Dark,,Illusion,,,40,65,40,80,40,65,330
0571,Zoroark,5,Dark,,Illusion,,,60,105,60,120,60,105,510
0572,Minccino,5,Normal,,Cute Charm,Technician,Skill Link,55,50,40,40,40,75,300
0573,Cinccino,5,Normal,,Cute Charm,Technician,Skill Link,75,95,60,65,60,115,470
0574,Gothita,5,Psychic,,Frisk,Competitive,Shadow Tag,45,30,50,55,65,45,290
0575,Gothorita,5,Psychic,,Frisk,Competitive,Shadow Tag,60,45,70,75,85,55,390
0576,Gothitelle,5,Psychic,,Frisk,Competitive,Shadow Tag,70,55,95,95,110,65,490
0577,Solosis,5,Psychic,,Overcoat,Magic Guard,Regenerator,45,30,40,105,50,20,290
0578,Duosion,5,Psychic,,Overcoat,Magic Guard,Regenerator,65,40,50,125,60,30,370
0579,Reuniclus,5,Psychic,,Overcoat,Magic Guard,Regenerator,110,65,75,125,85,30,490
0580,Ducklett,5,Water,Flying,Keen Eye,Big Pecks,Hydration,62,44,50,44,50,55,305
0581,Swanna,5,Water,Flying,Keen Eye,Big Pecks,Hydration,75,87,63,87,63,98,473
0582,Vanillite,5,Ice,,Ice Body,Snow Cloak,Weak Armor,36,50,50,65,60,44,305
0583,Vanillish,5,Ice,,Ice Body,Snow Cloak,Weak Armor,51,65,65,80,75,59,395
0584,Vanilluxe,5,Ice,,Ice Body,Snow Warning,Weak Armor,71,95,85,110,95,79,535
0585,Deerling,5,Normal,Grass,Chlorophyll,Sap Sipper,Serene Grace,60,60,50,40,50,75,335
0586,Sawsbuck,5,Normal,Grass,Chlorophyll,Sap Sipper,Serene Grace,80,100,70,60,70,95,475
0587,Emolga,5,Electric,Flying,Static,Motor Drive,,55,75,60,75,60,103,428
0588,Karrablast,5,Bug,,Swarm,Shed Skin,No Guard,50,75,45,40,45,60,315
0589,Escavalier,5,Bug,Steel,Swarm,Shell Armor,Overcoat,70,135,105,60,105,20,495
0590,Foongus,5,Grass,Poison,Effect Spore,Regenerator,,69,55,45,55,55,15,294
0591,Amoonguss,5,Grass,Poison,Effect Spore,Regenerator,,114,85,70,85,80,30,464
0592,Frillish,5,Water,Ghost,Water Absorb,Cursed Body,Damp,55,40,50,65,85,40,335
0593,Jellicent,5,Water,Ghost,Water Absorb,Cursed Body,Damp,100,60,70,85,105,60,480
0594,Alomomola,5,Water,,Healer,Hydration,Regenerator,165,75,80,40,45,65,470
0595,Joltik,5,Bug,Electric,Compound Eyes,Unnerve,Swarm,50,47,50,57,50,65,319
0596,Galvantula,5,Bug,Electric,Compound Eyes,Unnerve,Swarm,70,77,60,97,60,108,472
0597,Ferroseed,5,Grass,Steel,Iron Barbs,,,44,50,91,24,86,10,305
0598,Ferrothorn,5,Grass,Steel,Iron Barbs,Anticipation,,74,94,131,54,116,20,489
0599,Klink,5,Steel,,Plus,Minus,Clear Body,40,55,70,45,60,30,300
0600,Klang,5,Steel,,Plus,Minus,Clear Body,60,80,95,70,85,50,440
0601,Klinklang,5,Steel,,Plus,Minus,Clear Body,60,100,115,70,85,90,520
0602,Tynamo,5,Electric,,Levitate,,,35,55,40,45,40,60,275
0603,Eelektrik,5,Electric,,Levitate,,,65,85,70,75,70,40,405
0604,Eelektross,5,Electric,,Levitate,,,85,115,80,105,80,50,515
0605,Elgyem,5,Psychic,,Telepathy,Synchronize,Analytic,55,55,55,85,55,30,335
0606,Beheeyem,5,Psychic,,Telepathy,Synchronize,Analytic,75,75,75,125,95,40,485
0607,Litwick,5,Ghost,Fire,Flash Fire,Flame Body,Infiltrator,50,30,55,65,55,20,275
0608,Lampent,5,Ghost,Fire,Flash Fire,Flame Body,Infiltrator,60,40,60,95,60,55,370
0609,Chandelure,5,Ghost,Fire,Flash Fire,Flame Body,Infiltrator,60,55,90,145,90,80,520
0610,Axew,5,Dragon,,Rivalry,Mold Breaker,Unnerve,46,87,60,30,40,57,320
0611,Fraxure,5,Dragon,,Rivalry,Mold Breaker,Unnerve,66,117,70,40,50,67,410
0612,Haxorus,5,Dragon,,Rivalry,Mold Breaker,Unnerve,76,147,90,60,70,97,540
0613,Cubchoo,5,Ice,,Snow Cloak,Slush Rush,Rattled,55,70,40,60,40,40,305
0614,Beartic,5,Ice,,Snow Cloak,Slush Rush,Swift Swim,95,130,80,70,80,50,505
0615,Cryogonal,5,Ice,,Levitate,,,80,50,50,95,135,105,515
0616,Shelmet,5,Bug,,Hydration,Shell Armor,Overcoat,50,40,85,40,65,25,305
0617,Accelgor,5,Bug,,Hydration,Sticky Hold,Unburden,80,70,40,100,60,145,495
0618,Stunfisk,5,Ground,Electric,Static,Limber,Sand Veil,109,66,84,81,99,32,471
0619,Mienfoo,5,Fighting,,Inner Focus,Regenerator,Reckless,45,85,50,55,50,65,350
0620,Mienshao,5,Fighting,,Inner Focus,Regenerator,Reckless,65,125,60,95,60,105,510
0621,Druddigon,5,Dragon,,Rough Skin,Sheer Force,Mold Breaker,77,120,90,60,90,48,485
0622,Golett,5,Ground,Ghost,Iron Fist,Klutz,No Guard,59,74,50,35,50,35,303
0623,Golurk,5,Ground,Ghost,Iron Fist,Klutz,No Guard,89,124,80,55,80,55,483
0624,Pawniard,5,Dark,Steel,Defiant,Inner Focus,Pressure,45,85,70,40,40,60,340
0625,Bisharp,5,Dark,Steel,Defiant,Inner Focus,Pressure,65,125,100,60,70,70,490
0626,Bouffalant,5,Normal,,Reckless,Sap Sipper,Soundproof,95,110,95,40,95,55,490
0627,Rufflet,5,Normal,Flying,Keen Eye,Sheer Force,Hustle,70,83,50,37,50,60,350
0628,Braviary,5,Normal,Flying,Keen Eye,Sheer Force,Defiant,100,123,75,57,75,80,510
0629,Vullaby,5,Dark,Flying,Big Pecks,Overcoat,Weak Armor,70,55,75,45,65,60,370
0630,Mandibuzz,5,Dark,Flying,Big Pecks,Overcoat,Weak Armor,110,65,105,55,95,80,510
0631,Heatmor,5,Fire,,Gluttony,Flash Fire,White Smoke,85,97,66,105,66,65,484
0632,Durant,5,Bug,Steel,Swarm,Hustle,Truant,58,109,112,48,48,109,484
0633,Deino,5,Dark,Dragon,Hustle,,,52,65,50,45,50,38,300
0634,Zweilous,5,Dark,Dragon,Hustle,,,72,85,70,65,70,58,420
0635,Hydreigon,5,Dark,Dragon,Levitate,,,92,105,90,125,90,98,600
0636,Larvesta,5,Bug,Fire,Flame Body,Swarm,,55,85,55,50,55,60,360
0637,Volcarona,5,Bug,Fire,Flame Body,Swarm,,85,60,65,135,105,100,550
0638,Cobalion,5,Steel,Fighting,Justified,,,91,90,129,90,72,108,580
0639,Terrakion,5,Rock,Fighting,Justified,,,91,129,90,72,90,108,580
0640,Virizion,5,Grass,Fighting,Justified,,,91,90,72,90,129,108,580
0641,Tornadus,5,Flying,,Prankster,Defiant,,79,115,70,125,80,111,580
0642,Thundurus,5,Electric,Flying,Prankster,Defiant,,79,115,70,125,80,111,580
0643,Reshiram,5,Dragon,Fire,Turboblaze,,,100,120,100,150,120,90,680
0644,Zekrom,5,Dragon,Electric,Teravolt,,,100,150,120,120,100,90,680
0645,Landorus,5,Ground,Flying,Sand Force,Sheer Force,,89,125,90,115,80,101,600
0646,Kyurem,5,Dragon,Ice,Pressure,,,125,130,90,130,90,95,660
0647,Keldeo,5,Water,Fighting,Justified,,,91,72,90,129,90,108,580
0648,Meloetta,5,Normal,Psychic,Serene Grace,,,100,77,77,128,128,90,600
0649,Genesect,5,Bug,Steel,Download,,,71,120,95,120,95,99,600
0650,Chespin,6,Grass,,Overgrow,Bulletproof,,56,61,65,48,45,38,313
0651,Quilladin,6,Grass,,Overgrow,Bulletproof,,61,78,95,56,58,57,405
0652,Chesnaught,6,Grass,Fighting,Overgrow,Bulletproof,,88,107,122,74,75,64,530
0653,Fennekin,6,Fire,,Blaze,Magician,,40,45,40,62,60,60,307
0654,Braixen,6,Fire,,Blaze,Magician,,59,59,58,90,70,73,409
0655,Delphox,6,Fire,Psychic,Blaze,Magician,,75,69,72,114,100,104,534
0656,Froakie,6,Water,,Torrent,Protean,,41,56,40,62,44,71,314
0657,Frogadier,6,Water,,Torrent,Protean,,54,63,52,83,56,97,405
0658,Greninja,6,Water,Dark,Torrent,Protean,,72,95,67,103,71,122,530
0659,Bunnelby,6,Normal,,Pickup,Cheek Pouch,Huge Power,38,36,38,32,36,57,237
0660,Diggersby,6,Normal,Ground,Pickup,Cheek Pouch,Huge Power,85,56,77,50,77,78,423
0661,Fletchling,6,Normal,Flying,Big Pecks,Gale Wings,,45,50,43,40,38,62,278
0662,Fletchinder,6,Fire,Flying,Flame Body,Gale Wings,,62,73,55,56,52,84,382
0663,Talonflame,6,Fire,Flying,Flame Body,Gale Wings,,78,81,71,74,69,126,499
0664,Scatterbug,6,Bug,,Shield Dust,Compound Eyes,Friend Guard,38,35,40,27,25,35,200
0665,Spewpa,6,Bug,,Shed Skin,Friend Guard,,45,22,60,27,30,29,213
0666,Vivillon,6,Bug,Flying,Shield Dust,Compound Eyes,Friend Guard,80,52,50,90,50,89,411
0667,Litleo,6,Fire,Normal,Rivalry,Unnerve,Moxie,62,50,58,73,54,72,369
0668,Pyroar,6,Fire,Normal,Rivalry,Unnerve,Moxie,86,68,72,109,66,106,507
0669,Flabébé,6,Fairy,,Flower Veil,Symbiosis,,44,38,39,61,79,42,303
0670,Floette,6,Fairy,,Flower Veil,Symbiosis,,54,45,47,75,98,52,371
0671,Florges,6,Fairy,,Flower Veil,Symbiosis,,78,65,68,112,154,75,552
0672,Skiddo,6,Grass,,Sap Sipper,Grass Pelt,,66,65,48,62,57,52,350
0673,Gogoat,6,Grass,,Sap Sipper,Grass Pelt,,123,100,62,97,81,68,531
0674,Pancham,6,Fighting,,Iron Fist,Mold Breaker,Scrappy,67,82,62,46,48,43,348
0675,Pangoro,6,Fighting,Dark,Iron Fist,Mold Breaker,Scrappy,95,124,78,69,71,58,495
0676,Furfrou,6,Normal,,Fur Coat,,,75,80,60,65,90,102,472
0677,Espurr,6,Psychic,,Keen Eye,Infiltrator,Own Tempo,62,48,54,63,60,68,355
0678,Meowstic,6,Psychic,,Keen Eye,Infiltrator,Prankster,74,48,76,83,81,104,466
0679,Honedge,6,Steel,Ghost,No Guard,,,45,80,100,35,37,28,325
0680,Doublade,6,Steel,Ghost,No Guard,,,59,110,150,45,49,35,448
0681,Aegislash,6,Steel,Ghost,Stance Change,,,60,50,140,50,140,60,500
0682,Spritzee,6,Fairy,,Healer,Aroma Veil,,78,52,60,63,65,23,341
0683,Aromatisse,6,Fairy,,Healer,Aroma Veil,,101,72,72,99,89,29,462
0684,Swirlix,6,Fairy,,Sweet Veil,Unburden,,62,48,66,59,57,49,341
0685,Slurpuff,6,Fairy,,Sweet Veil,Unburden,,82,80,86,85,75,72,480
0686,Inkay,6,Dark,Psychic,Contrary,Suction Cups,Infiltrator,53,54,53,37,46,45,288
0687,Malamar,6,Dark,Psychic,Contrary,Suction Cups,Infiltrator,86,92,88,68,75,73,482
0688,Binacle,6,Rock,Water,Sniper,Tough Claws,Pickpocket,42,52,67,39,56,50,306
0689,Barbaracle,6,Rock,Water,Sniper,Tough Claws,Pickpocket,72,105,115,54,86,68,500
0690,Skrelp,6,Poison,Water,Poison Point,Poison Touch,Adaptability,50,60,60,60,60,30,320
0691,Dragalge,6,Poison,Dragon,Poison Point,Poison Touch,Adaptability,65,75,90,97,123,44,494
0692,Clauncher,6,Water,,Mega Launcher,,,50,53,62,58,63,44,330
0693,Clawitzer,6,Water,,Mega Launcher,,,71,73,88,120,89,59,500
0694,Helioptile,6,Electric,Normal,Dry Skin,Sand Veil,Solar Power,44,38,33,61,43,70,289
0695,Heliolisk,6,Electric,Normal,Dry Skin,Sand Veil,Solar Power,62,55,52,109,94,109,481
0696,Tyrunt,6,Rock,Dragon,Strong Jaw,Sturdy,,58,89,77,45,45,48,362
0697,Tyrantrum,6,Rock,Dragon,Strong Jaw,Rock Head,,82,121,119,69,59,71,521
0698,Amaura,6,Rock,Ice,Refrigerate,Snow Warning,,77,59,50,67,63,46,362
0699,Aurorus,6,Rock,Ice,Refrigerate,Snow Warning,,123,77,72,99,92,58,521
0700,Sylveon,6,Fairy,,Cute Charm,Pixilate,,95,65,65,110,130,60,525
0701,Hawlucha,6,Fighting,Flying,Limber,Unburden,Mold Breaker,78,92,75,74,63,118,500
0702,Dedenne,6,Electric,Fairy,Cheek Pouch,Pickup,Plus,67,58,57,81,67,101,431
0703,Carbink,6,Rock,Fairy,Clear Body,Sturdy,,50,50,150,50,150,50,500
0704,Goomy,6,Dragon,,Sap Sipper,Hydration,Gooey,45,50,35,55,75,40,300
0705,Sliggoo,6,Dragon,,Sap Sipper,Hydration,Gooey,68,75,53,83,113,60,452
0706,Goodra,6,Dragon,,Sap Sipper,Hydration,Gooey,90,100,70,110,150,80,600
0707,Klefki,6,Steel,Fairy,Prankster,Magician,,57,80,91,80,87,75,470
0708,Phantump,6,Ghost,Grass,Natural Cure,Frisk,Harvest,43,70,48,50,60,38,309
0709,Trevenant,6,Ghost,Grass,Natural Cure,Frisk,Harvest,85,110,76,65,82,56,474
0710,Pumpkaboo,6,Ghost,Grass,Pickup,Frisk,Insomnia,49,66,70,44,55,51,335
0711,Gourgeist,6,Ghost,Grass,Pickup,Frisk,Insomnia,65,90,122,58,75,84,494
0712,Bergmite,6,Ice,,Own Tempo,Ice Body,Sturdy,55,69,85,32,35,28,304
0713,Avalugg,6,Ice,,Own Tempo,Ice Body,Sturdy,95,117,184,44,46,28,514
0714,Noibat,6,Flying,Dragon,Frisk,Infiltrator,Telepathy,40,30,35,45,40,55,245
0715,Noivern,6,Flying,Dragon,Frisk,Infiltrator,Telepathy,85,70,80,97,80,123,535
0716,Xerneas,6,Fairy,,Fairy Aura,,,126,131,95,131,98,99,680
0717,Yveltal,6,Dark,Flying,Dark Aura,,,126,131,95,131,98,99,680
0718,Zygarde,6,Dragon,Ground,Aura Break,Power Construct,,108,100,121,81,95,95,600
0719,Diancie,6,Rock,Fairy,Clear Body,,,50,100,150,100,150,50,600
0720,Hoopa,6,Psychic,Ghost,Magician,,,80,110,60,150,130,70,600
0721,Volcanion,6,Fire,Water,Water Absorb,,,80,110,120,130,90,70,600
0722,Rowlet,7,Grass,Flying,Overgrow,Long Reach,,68,55,55,50,50,42,320
0723,Dartrix,7,Grass,Flying,Overgrow,Long Reach,,78,75,75,70,70,52,420
0724,Decidueye,7,Grass,Ghost,Overgrow,Long Reach,,78,107,75,100,100,70,530
0725,Litten,7,Fire,,Blaze,Intimidate,,45,65,40,60,40,70,320
0726,Torracat,7,Fire,,Blaze,Intimidate,,65,85,50,80,50,90,420
0727,Incineroar,7,Fire,Dark,Blaze,Intimidate,,95,115,90,80,90,60,530
0728,Popplio,7,Water,,Torrent,Liquid Voice,,50,54,54,66,56,40,320
0729,Brionne,7,Water,,Torrent,Liquid Voice,,60,69,69,91,81,50,420
0730,Primarina,7,Water,Fairy,Torrent,Liquid Voice,,80,74,74,126,116,60,530
0731,Pikipek,7,Normal,Flying,Keen Eye,Skill Link,Pickup,35,75,30,30,30,65,265
0732,Trumbeak,7,Normal,Flying,Keen Eye,Skill Link,Pickup,55,85,50,40,50,75,355
0733,Toucannon,7,Normal,Flying,Keen Eye,Skill Link,Sheer Force,80,120,75,75,75,60,485
0734,Yungoos,7,Normal,,Strong Jaw,Stakeout,Adaptability,48,70,30,30,30,45,253
0735,Gumshoos,7,Normal,,Strong Jaw,Stakeout,Adaptability,88,110,60,55,60,45,418
0736,Grubbin,7,Bug,,Swarm,,,47,62,45,55,45,46,300
0737,Charjabug,7,Bug,Electric,Battery,,,57,82,95,55,75,36,400
0738,Vikavolt,7,Bug,Electric,Levitate,,,77,70,90,145,75,43,500
0739,Crabrawler,7,Fighting,,Hyper Cutter,Iron Fist,Anger Point,47,82,57,42,47,63,338
0740,Crabominable,7,Fighting,Ice,Hyper Cutter,Iron Fist,Anger Point,97,132,77,62,67,43,478
0741,Oricorio,7,Fire,Flying,Dancer,,,75,70,70,98,70,93,476
0742,Cutiefly,7,Bug,Fairy,Honey Gather,Shield Dust,Sweet Veil,40,45,40,55,40,84,304
0743,Ribombee,7,Bug,Fairy,Honey Gather,Shield Dust,Sweet Veil,60,55,60,95,70,124,464
0744,Rockruff,7,Rock,,Keen Eye,Vital Spirit,Steadfast,45,65,40,30,40,60,280
0745,Lycanroc,7,Rock,,Keen Eye,Sand Rush,Steadfast,75,115,65,55,65,112,487
0746,Wishiwashi,7,Water,,Schooling,,,45,20,20,25,25,40,175
0747,Mareanie,7,Poison,Water,Merciless,Limber,Regenerator,50,53,62,43,52,45,305
0748,Toxapex,7,Poison,Water,Merciless,Limber,Regenerator,50,63,152,53,142,35,495
0749,Mudbray,7,Ground,,Own Tempo,Stamina,Inner Focus,70,100,70,45,55,45,385
0750,Mudsdale,7,Ground,,Own Tempo,Stamina,Inner Focus,100,125,100,55,85,35,500
0751,Dewpider,7,Water,Bug,Water Bubble,Water Absorb,,38,40,52,40,72,27,269
0752,Araquanid,7,Water,Bug,Water Bubble,Water Absorb,,68,70,92,50,132,42,454
0753,Fomantis,7,Grass,,Leaf Guard,Contrary,,40,55,35,50,35,35,250
0754,Lurantis,7,Grass,,Leaf Guard,Contrary,,70,105,90,80,90,45,480
0755,Morelull,7,Grass,Fairy,Illuminate,Effect Spore,Rain Dish,40,35,55,65,75,15,285
0756,Shiinotic,7,Grass,Fairy,Illuminate,Effect Spore,Rain Dish,60,45,80,90,100,30,405
0757,Salandit,7,Poison,Fire,Corrosion,Oblivious,,48,44,40,71,40,77,320
0758,Salazzle,7,Poison,Fire,Corrosion,Oblivious,,68,64,60,111,60,117,480
0759,Stufful,7,Normal,Fighting,Fluffy,Klutz,Cute Charm,70,75,50,45,50,50,340
0760,Bewear,7,Normal,Fighting,Fluffy,Klutz,Unnerve,120,125,80,55,60,60,500
0761,Bounsweet,7,Grass,,Leaf Guard,Oblivious,Sweet Veil,42,30,38,30,38,32,210
0762,Steenee,7,Grass,,Leaf Guard,Oblivious,Sweet Veil,52,40,48,40,48,62,290
0763,Tsareena,7,Grass,,Leaf Guard,Queenly Majesty,Sweet Veil,72,120,98,50,98,72,510
0764,Comfey,7,Fairy,,Flower Veil,Triage,Natural Cure,51,52,90,82,110,100,485
0765,Oranguru,7,Normal,Psychic,Inner Focus,Telepathy,Symbiosis,90,60,80,90,110,60,490
0766,Passimian,7,Fighting,,Receiver,Defiant,,100,120,90,40,60,80,490
0767,Wimpod,7,Bug,Water,Wimp Out,,,25,35,40,20,30,80,230
0768,Golisopod,7,Bug,Water,Emergency Exit,,,75,125,140,60,90,40,530
0769,Sandygast,7,Ghost,Ground,Water Compaction,Sand Veil,,55,55,80,70,45,15,320
0770,Palossand,7,Ghost,Ground,Water Compaction,Sand Veil,,85,75,110,100,75,35,480
0771,Pyukumuku,7,Water,,Innards Out,Unaware,,55,60,130,30,130,5,410
0772,Type: Null,7,Normal,,Battle Armor,,,95,95,95,95,95,59,534
0773,Silvally,7,Normal,,RKS System,,,95,95,95,95,95,95,570
0774,Minior,7,Rock,Flying,Shields Down,,,60,60,100,60,100,60,440
0775,Komala,7,Normal,,Comatose,,,65,115,65,75,95,65,480
0776,Turtonator,7,Fire,Dragon,Shell Armor,,,60,78,135,91,85,36,485
0777,Togedemaru,7,Electric,Steel,Iron Barbs,Lightning Rod,Sturdy,65,98,63,40,73,96,435
0778,Mimikyu,7,Ghost,Fairy,Disguise,,,55,90,80,50,105,96,476
0779,Bruxish,7,Water,Psychic,Dazzling,Strong Jaw,Wonder Skin,68,105,70,70,70,92,475
0780,Drampa,7,Normal,Dragon,Berserk,Sap Sipper,Cloud Nine,78,60,85,135,91,36,485
0781,Dhelmise,7,Ghost,Grass,Steelworker,,,70,131,100,86,90,40,517
0782,Jangmo-o,7,Dragon,,Bulletproof,Soundproof,Overcoat,45,55,65,45,45,45,300
0783,Hakamo-o,7,Dragon,Fighting,Bulletproof,Soundproof,Overcoat,55,75,90,65,70,65,420
0784,Kommo-o,7,Dragon,Fighting,Bulletproof,Soundproof,Overcoat,75,110,125,100,105,85,600
0785,Tapu Koko,7,Electric,Fairy,Electric Surge,Telepathy,,70,115,85,95,75,130,570
0786,Tapu Lele,7,Psychic,Fairy,Psychic Surge,Telepathy,,70,85,75,130,115,95,570
0787,Tapu Bulu,7,Grass,Fairy,Grassy Surge,Telepathy,,70,130,115,85,95,75,570
0788,Tapu Fini,7,Water,Fairy,Misty Surge,Telepathy,,70,75,115,95,130,85,570
0789,Cosmog,7,Psychic,,Unaware,,,43,29,31,29,31,37,200
0790,Cosmoem,7,Psychic,,Sturdy,,,43,29,131,29,131,37,400
0791,Solgaleo,7,Psychic,Steel,Full Metal Body,,,137,137,107,113,89,97,680
0792,Lunala,7,Psychic,Ghost,Shadow Shield,,,137,113,89,137,107,97,680
0793,Nihilego,7,Rock,Poison,Beast Boost,,,109,53,47,127,131,103,570
0794,Buzzwole,7,Bug,Fighting,Beast Boost,,,107,139,139,53,53,79,570
0795,Pheromosa,7,Bug,Fighting,Beast Boost,,,71,137,37,137,37,151,570
0796,Xurkitree,7,Electric,,Beast Boost,,,83,89,71,173,71,83,570
0797,Celesteela,7,Steel,Flying,Beast Boost,,,97,101,103,107,101,61,570
0798,Kartana,7,Grass,Steel,Beast Boost,,,59,181,131,59,31,109,570
0799,Guzzlord,7,Dark,Dragon,Beast Boost,,,223,101,53,97,53,43,570
0800,Necrozma,7,Psychic,,Prism Armor,,,97,107,101,127,89,79,600
0801,Magearna,7,Steel,Fairy,Soul-Heart,,,80,95,115,130,115,65,600
0802,Marshadow,7,Fighting,Ghost,Technician,,,90,125,80,90,90,125,600
0803,Poipole,7,Poison,,Beast Boost,,,67,73,67,73,67,73,420
0804,Naganadel,7,Poison,Dragon,Beast Boost,,,73,73,73,127,73,121,540
0805,Stakataka,7,Rock,Steel,Beast Boost,,,61,131,211,53,101,13,570
0806,Blacephalon,7,Fire,Ghost,Beast Boost,,,53,127,53,151,79,107,570
0807,Zeraora,7,Electric,,Volt Absorb,,,88,112,75,102,80,143,600
0808,Meltan,7,Steel,,Magnet Pull,,,46,65,65,55,35,34,300
0809,Melmetal,7,Steel,,Iron Fist,,,135,143,143,80,65,34,600
0810,Grookey,8,Grass,,Overgrow,Grassy Surge,,50,65,50,40,40,65,310
0811,Thwackey,8,Grass,,Overgrow,Grassy Surge,,70,85,70,55,60,80,420
0812,Rillaboom,8,Grass,,Overgrow,Grassy Surge,,100,125,90,60,70,85,530
0813,Scorbunny,8,Fire,,Blaze,Libero,,50,71,40,40,40,69,310
0814,Raboot,8,Fire,,Blaze,Libero,,65,86,60,55,60,94,420
0815,Cinderace,8,Fire,,Blaze,Libero,,80,116,75,65,75,119,530
0816,Sobble,8,Water,,Torrent,Sniper,,50,40,40,70,40,70,310
0817,Drizzile,8,Water,,Torrent,Sniper,,65,60,55,95,55,90,420
0818,Inteleon,8,Water,,Torrent,Sniper,,70,85,65,125,65,120,530
0819,Skwovet,8,Normal,,Cheek Pouch,Gluttony,,70,55,55,35,35,25,275
0820,Greedent,8,Normal,,Cheek Pouch,Gluttony,,120,95,95,55,75,20,460
0821,Rookidee,8,Flying,,Keen Eye,Unnerve,Big Pecks,38,47,35,33,35,57,245
0822,Corvisquire,8,Flying,,Keen Eye,Unnerve,Big Pecks,68,67,55,43,55,77,365
0823,Corviknight,8,Flying,Steel,Pressure,Unnerve,Mirror Armor,98,87,105,53,85,67,495
0824,Blipbug,8,Bug,,Swarm,Compound Eyes,Telepathy,25,20,20,25,45,45,180
0825,Dottler,8,Bug,Psychic,Swarm,Compound Eyes,Telepathy,50,35,80,50,90,30,335
0826,Orbeetle,8,Bug,Psychic,Swarm,Frisk,Telepathy,60,45,110,80,120,90,505
0827,Nickit,8,Dark,,Run Away,Unburden,Stakeout,40,28,28,47,52,50,245
0828,Thievul,8,Dark,,Run Away,Unburden,Stakeout,70,58,58,87,92,90,455
0829,Gossifleur,8,Grass,,Cotton Down,Regenerator,Effect Spore,40,40,60,40,60,10,250
0830,Eldegoss,8,Grass,,Cotton Down,Regenerator,Effect Spore,60,50,90,80,120,60,460
0831,Wooloo,8,Normal,,Fluffy,Run Away,Bulletproof,42,40,55,40,45,48,270
0832,Dubwool,8,Normal,,Fluffy,Steadfast,Bulletproof,72,80,100,60,90,88,490
0833,Chewtle,8,Water,,Strong Jaw,Shell Armor,Swift Swim,50,64,50,38,38,44,284
0834,Drednaw,8,Water,Rock,Strong Jaw,Shell Armor,Swift Swim,90,115,90,48,68,74,485
0835,Yamper,8,Electric,,Ball Fetch,Rattled,,59,45,50,40,50,26,270
0836,Boltund,8,Electric,,Strong Jaw,Competitive,,69,90,60,90,60,121,490
0837,Rolycoly,8,Rock,,Steam Engine,Heatproof,Flash Fire,30,40,50,40,50,30,240
0838,Carkol,8,Rock,Fire,Steam Engine,Flame Body,Flash Fire,80,60,90,60,70,50,410
0839,Coalossal,8,Rock,Fire,Steam Engine,Flame Body,Flash Fire,110,80,120,80,90,30,510
0840,Applin,8,Grass,Dragon,Ripen,Gluttony,Bulletproof,40,40,80,40,40,20,260
0841,Flapple,8,Grass,Dragon,Ripen,Gluttony,Hustle,70,110,80,95,60,70,485
0842,Appletun,8,Grass,Dragon,Ripen,Gluttony,Thick Fat,110,85,80,100,80,30,485
0843,Silicobra,8,Ground,,Sand Spit,Shed Skin,Sand Veil,52,57,75,35,50,46,315
0844,Sandaconda,8,Ground,,Sand Spit,Shed Skin,Sand Veil,72,107,125,65,70,71,510
0845,Cramorant,8,Flying,Water,Gulp Missile,,,70,85,55,85,95,85,475
0846,Arrokuda,8,Water,,Swift Swim,Propeller Tail,,41,63,40,40,30,66,280
0847,Barraskewda,8,Water,,Swift Swim,Propeller Tail,,61,123,60,60,50,136,490
0848,Toxel,8,Electric,Poison,Rattled,Static,Klutz,40,38,35,54,35,40,242
0849,Toxtricity,8,Electric,Poison,Punk Rock,Plus,Technician,75,98,70,114,70,75,502
0850,Sizzlipede,8,Fire,Bug,Flash Fire,White Smoke,Flame Body,50,65,45,50,50,45,305
0851,Centiskorch,8,Fire,Bug,Flash Fire,White Smoke,Flame Body,100,115,65,90,90,65,525
0852,Clobbopus,8,Fighting,,Limber,Technician,,50,68,60,50,50,32,310
0853,Grapploct,8,Fighting,,Limber,Technician,,80,118,90,70,80,42,480
0854,Sinistea,8,Ghost,,Weak Armor,Cursed Body,,40,45,45,74,54,50,308
0855,Polteageist,8,Ghost,,Weak Armor,Cursed Body,,60,65,65,134,114,70,508
0856,Hatenna,8,Psychic,,Healer,Anticipation,Magic Bounce,42,30,45,56,53,39,265
0857,Hattrem,8,Psychic,,Healer,Anticipation,Magic Bounce,57,40,65,86,73,49,370
0858,Hatterene,8,Psychic,Fairy,Healer,Anticipation,Magic Bounce,57,90,95,136,103,29,510
0859,Impidimp,8,Dark,Fairy,Prankster,Frisk,Pickpocket,45,45,30,55,40,50,265
0860,Morgrem,8,Dark,Fairy,Prankster,Frisk,Pickpocket,65,60,45,75,55,70,370
0861,Grimmsnarl,8,Dark,Fairy,Prankster,Frisk,Pickpocket,95,120,65,95,75,60,510
0862,Obstagoon,8,Dark,Normal,Reckless,Guts,Defiant,93,90,101,60,81,95,520
0863,Perrserker,8,Steel,,Battle Armor,Tough Claws,Steely Spirit,70,110,100,50,60,50,440
0864,Cursola,8,Ghost,,Weak Armor,Perish Body,,60,95,50,145,130,30,510
0865,Sirfetch'd,8,Fighting,,Steadfast,Scrappy,,62,135,95,68,82,65,507
0866,Mr. Rime,8,Ice,Psychic,Tangled Feet,Screen Cleaner,Ice Body,80,85,75,110,100,70,520
0867,Runerigus,8,Ground,Ghost,Wandering Spirit,,,58,95,145,50,105,30,483
0868,Milcery,8,Fairy,,Sweet Veil,Aroma Veil,,45,40,40,50,61,34,270
0869,Alcremie,8,Fairy,,Sweet Veil,Aroma Veil,,65,60,75,110,121,64,495
0870,Falinks,8,Fighting,,Battle Armor,Defiant,,65,100,100,70,60,75,470
0871,Pincurchin,8,Electric,,Lightning Rod,Electric Surge,,48,101,95,91,85,15,435
0872,Snom,8,Ice,Bug,Shield Dust,Ice Scales,,30,25,35,45,30,20,185
0873,Frosmoth,8,Ice,Bug,Shield Dust,Ice Scales,,70,65,60,125,90,65,475
0874,Stonjourner,8,Rock,,Power Spot,,,100,125,135,20,20,70,470
0875,Eiscue,8,Ice,,Ice Face,,,75,80,110,65,90,50,470
0876,Indeedee,8,Psychic,Normal,Inner Focus,Synchronize,Psychic Surge,60,65,55,105,95,95,475
0877,Morpeko,8,Electric,Dark,Hunger Switch,,,58,95,58,70,58,97,436
0878,Cufant,8,Steel,,Sheer Force,Heavy Metal,,72,80,49,40,49,40,330
0879,Copperajah,8,Steel,,Sheer Force,Heavy Metal,,122,130,69,80,69,30,500
0880,Dracozolt,8,Electric,Dragon,Volt Absorb,Hustle,Sand Rush,90,100,90,80,70,75,505
0881,Arctozolt,8,Electric,Ice,Volt Absorb,Static,Slush Rush,90,100,90,90,80,55,505
0882,Dracovish,8,Water,Dragon,Water Absorb,Strong Jaw,Sand Rush,90,90,100,70,80,75,505
0883,Arctovish,8,Water,Ice,Water Absorb,Ice Body,Slush Rush,90,90,100,80,90,55,505
0884,Duraludon,8,Steel,Dragon,Light Metal,Heavy Metal,Stalwart,70,95,115,120,50,85,535
0885,Dreepy,8,Dragon,Ghost,Clear Body,Infiltrator,Cursed Body,28,60,30,40,30,82,270
0886,Drakloak,8,Dragon,Ghost,Clear Body,Infiltrator,Cursed Body,68,80,50,60,50,102,410
0887,Dragapult,8,Dragon,Ghost,Clear Body,Infiltrator,Cursed Body,88,120,75,100,75,142,600
0888,Zacian,8,Fairy,,Intrepid Sword,,,92,120,115,80,115,138,660
0889,Zamazenta,8,Fighting,,Dauntless Shield,,,92,120,115,80,115,138,660
0890,Eternatus,8,Poison,Dragon,Pressure,,,140,85,95,145,95,130,690
0891,Kubfu,8,Fighting,,Inner Focus,,,60,90,60,53,50,72,385
0892,Urshifu,8,Fighting,Dark,Unseen Fist,,,100,130,100,63,60,97,550
0893,Zarude,8,Dark,Grass,Leaf Guard,,,105,120,105,70,95,105,600
0894,Regieleki,8,Electric,,Transistor,,,80,100,50,100,50,200,580
0895,Regidrago,8,Dragon,,Dragon's Maw,,,200,100,50,100,50,80,580
0896,Glastrier,8,Ice,,Chilling Neigh,,,100,145,130,65,110,30,580
0897,Spectrier,8,Ghost,,Grim Neigh,,,100,65,60,145,80,130,580
0898,Calyrex,8,Psychic,Grass,Unnerve,,,100,80,80,80,80,80,500
0899,Wyrdeer,8,Normal,Psychic,Intimidate,Frisk,Sap Sipper,103,105,72,105,75,65,525
0900,Kleavor,8,Bug,Rock,Swarm,Sheer Force,Sharpness,70,135,95,45,70,85,500
0901,Ursaluna,8,Ground,Normal,Guts,Bulletproof,Unnerve,130,140,105,45,80,50,550
0902,Basculegion,8,Water,Ghost,Swift Swim,Adaptability,Mold Breaker,120,112,65,80,75,78,530
0903,Sneasler,8,Fighting,Poison,Pressure,Unburden,Poison Touch,80,130,60,40,80,120,510
0904,Overqwil,8,Dark,Poison,Poison Point,Swift Swim,Intimidate,85,115,95,65,65,85,510
0905,Enamorus,8,Fairy,Flying,Cute Charm,Contrary,,74,115,70,135,80,106,580
0906,Sprigatito,9,Grass,,Overgrow,Protean,,40,61,54,45,45,65,310
0907,Floragato,9,Grass,,Overgrow,Protean,,61,80,63,60,63,83,410
0908,Meowscarada,9,Grass,Dark,Overgrow,Protean,,76,110,70,81,70,123,530
0909,Fuecoco,9,Fire,,Blaze,Unaware,,67,45,59,63,40,36,310
0910,Crocalor,9,Fire,,Blaze,Unaware,,81,55,78,90,58,49,411
0911,Skeledirge,9,Fire,Ghost,Blaze,Unaware,,104,75,100,110,75,66,530
0912,Quaxly,9,Water,,Torrent,Moxie,,55,65,45,50,45,50,310
0913,Quaxwell,9,Water,,Torrent,Moxie,,70,85,65,65,60,65,410
0914,Quaquaval,9,Water,Fighting,Torrent,Moxie,,85,120,80,85,75,85,530
0915,Lechonk,9,Normal,,Aroma Veil,Gluttony,Thick Fat,54,45,40,35,45,35,254
0916,Oinkologne,9,Normal,,Lingering Aroma,Gluttony,Thick Fat,110,100,75,59,80,65,489
0917,Tarountula,9,Bug,,Insomnia,Stakeout,,35,41,45,29,40,20,210
0918,Spidops,9,Bug,,Insomnia,Stakeout,,60,79,92,52,86,35,404
0919,Nymble,9,Bug,,Swarm,Tinted Lens,,33,46,40,21,25,45,210
0920,Lokix,9,Bug,Dark,Swarm,Tinted Lens,,71,102,78,52,55,92,450
0921,Pawmi,9,Electric,,Static,Natural Cure,Iron Fist,45,50,20,40,25,60,240
0922,Pawmo,9,Electric,Fighting,Volt Absorb,Natural Cure,Iron Fist,60,75,40,50,40,85,350
0923,Pawmot,9,Electric,Fighting,Volt Absorb,Natural Cure,Iron Fist,70,115,70,70,60,105,490
0924,Tandemaus,9,Normal,,Run Away,Pickup,Own Tempo,50,50,45,40,45,75,305
0925,Maushold,9,Normal,,Friend Guard,Cheek Pouch,Technician,74,75,70,65,75,111,470
0926,Fidough,9,Fairy,,Own Tempo,Klutz,,37,55,70,30,55,65,312
0927,Dachsbun,9,Fairy,,Well-Baked Body,Aroma Veil,,57,80,115,50,80,95,477
0928,Smoliv,9,Grass,Normal,Early Bird,Harvest,,41,35,45,58,51,30,260
0929,Dolliv,9,Grass,Normal,Early Bird,Harvest,,52,53,60,78,78,33,354
0930,Arboliva,9,Grass,Normal,Seed Sower,Harvest,,78,69,90,125,109,39,510
0931,Squawkabilly,9,Normal,Flying,Intimidate,Hustle,Guts,82,96,51,45,51,92,417
0932,Nacli,9,Rock,,Purifying Salt,Sturdy,Clear Body,55,55,75,35,35,25,280
0933,Naclstack,9,Rock,,Purifying Salt,Sturdy,Clear Body,60,60,100,35,65,35,355
0934,Garganacl,9,Rock,,Purifying Salt,Sturdy,Clear Body,100,100,130,45,90,35,500
0935,Charcadet,9,Fire,,Flash Fire,Flame Body,,40,50,40,50,40,35,255
0936,Armarouge,9,Fire,Psychic,Flash Fire,Weak Armor,,85,60,100,125,80,75,525
0937,Ceruledge,9,Fire,Ghost,Flash Fire,Weak Armor,,75,125,80,60,100,85,525
0938,Tadbulb,9,Electric,,Own Tempo,Static,Damp,61,31,41,59,35,45,272
0939,Bellibolt,9,Electric,,Electromorphosis,Static,Damp,109,64,91,103,83,45,495
0940,Wattrel,9,Electric,Flying,Wind Power,Volt Absorb,Competitive,40,40,35,55,40,70,280
0941,Kilowattrel,9,Electric,Flying,Wind Power,Volt Absorb,Competitive,70,70,60,105,60,125,490
0942,Maschiff,9,Dark,,Intimidate,Run Away,Stakeout,60,78,60,40,51,51,340
0943,Mabosstiff,9,Dark,,Intimidate,Guard Dog,Stakeout,80,120,90,60,70,85,505
0944,Shroodle,9,Poison,Normal,Unburden,Pickpocket,Prankster,40,65,35,40,35,75,290
0945,Grafaiai,9,Poison,Normal,Unburden,Poison Touch,Prankster,63,95,65,80,72,110,485
0946,Bramblin,9,Grass,Ghost,Wind Rider,Infiltrator,,40,65,30,45,35,60,275
0947,Brambleghast,9,Grass,Ghost,Wind Rider,Infiltrator,,55,115,70,80,70,90,480
0948,Toedscool,9,Ground,Grass,Mycelium Might,,,40,40,35,50,100,70,335
0949,Toedscruel,9,Ground,Grass,Mycelium Might,,,80,70,65,80,120,100,515
0950,Klawf,9,Rock,,Anger Shell,Shell Armor,Regenerator,70,100,115,35,55,75,450
0951,Capsakid,9,Grass,,Chlorophyll,Insomnia,Klutz,50,62,40,62,40,50,304
0952,Scovillain,9,Grass,Fire,Chlorophyll,Insomnia,Moody,65,108,65,108,65,75,486
0953,Rellor,9,Bug,,Compound Eyes,Shed Skin,,41,50,60,31,58,30,270
0954,Rabsca,9,Bug,Psychic,Synchronize,Telepathy,,75,50,85,115,100,45,470
0955,Flittle,9,Psychic,,Anticipation,Frisk,Speed Boost,30,35,30,55,30,75,255
0956,Espathra,9,Psychic,,Opportunist,Frisk,Speed Boost,95,60,60,101,60,105,481
0957,Tinkatink,9,Fairy,Steel,Mold Breaker,Own Tempo,Pickpocket,50,45,45,35,64,58,297
0958,Tinkatuff,9,Fairy,Steel,Mold Breaker,Own Tempo,Pickpocket,65,55,55,45,82,78,380
0959,Tinkaton,9,Fairy,Steel,Mold Breaker,Own Tempo,Pickpocket,85,75,77,70,105,94,506
0960,Wiglett,9,Water,,Gooey,Rattled,Sand Veil,10,55,25,35,25,95,245
0961,Wugtrio,9,Water,,Gooey,Rattled,Sand Veil,35,100,50,50,70,120,425
0962,Bombirdier,9,Flying,Dark,Big Pecks,Keen Eye,Rocky Payload,70,103,85,60,85,82,485
0963,Finizen,9,Water,,Water Veil,,,70,45,40,45,40,75,315
0964,Palafin,9,Water,,Zero to Hero,,,100,70,72,53,62,100,457
0965,Varoom,9,Steel,Poison,Overcoat,Slow Start,,45,70,63,30,45,47,300
0966,Revavroom,9,Steel,Poison,Overcoat,Filter,,80,119,90,54,67,90,500
0967,Cyclizar,9,Dragon,Normal,Shed Skin,Regenerator,,70,95,65,85,65,121,501
0968,Orthworm,9,Steel,,Earth Eater,Sand Veil,,70,85,145,60,55,65,480
0969,Glimmet,9,Rock,Poison,Toxic Debris,Corrosion,,48,35,42,105,60,60,350
0970,Glimmora,9,Rock,Poison,Toxic Debris,Corrosion,,83,55,90,130,81,86,525
0971,Greavard,9,Ghost,,Pickup,Fluffy,,50,61,60,30,55,34,290
0972,Houndstone,9,Ghost,,Sand Rush,Fluffy,,72,101,100,50,97,68,488
0973,Flamigo,9,Flying,Fighting,Scrappy,Tangled Feet,Costar,82,115,74,75,64,90,500
0974,Cetoddle,9,Ice,,Thick Fat,Snow Cloak,Sheer Force,108,68,45,30,40,43,334
0975,Cetitan,9,Ice,,Thick Fat,Slush Rush,Sheer Force,170,113,65,45,55,73,521
0976,Veluza,9,Water,Psychic,Mold Breaker,Sharpness,,90,102,73,78,65,70,478
0977,Dondozo,9,Water,,Unaware,Oblivious,Water Veil,150,100,115,65,65,35,530
0978,Tatsugiri,9,Dragon,Water,Commander,Storm Drain,,68,50,60,120,95,82,475
0979,Annihilape,9,Fighting,Ghost,Vital Spirit,Inner Focus,Defiant,110,115,80,50,90,90,535
0980,Clodsire,9,Poison,Ground,Poison Point,Water Absorb,Unaware,130,75,60,45,100,20,430
0981,Farigiraf,9,Normal,Psychic,Cud Chew,Armor Tail,Sap Sipper,120,90,70,110,70,60,520
0982,Dudunsparce,9,Normal,,Serene Grace,Run Away,Rattled,125,100,80,85,75,55,520
0983,Kingambit,9,Dark,Steel,Defiant,Supreme Overlord,Pressure,100,135,120,60,85,50,550
0984,Great Tusk,9,Ground,Fighting,Protosynthesis,,,115,131,131,53,53,87,570
0985,Scream Tail,9,Fairy,Psychic,Protosynthesis,,,115,65,99,65,115,111,570
0986,Brute Bonnet,9,Grass,Dark,Protosynthesis,,,111,127,99,79,99,55,570
0987,Flutter Mane,9,Ghost,Fairy,Protosynthesis,,,55,55,55,135,135,135,570
0988,Slither Wing,9,Bug,Fighting,Protosynthesis,,,85,135,79,85,105,81,570
0989,Sandy Shocks,9,Electric,Ground,Protosynthesis,,,85,81,97,121,85,101,570
0990,Iron Treads,9,Ground,Steel,Quark Drive,,,90,112,120,72,70,106,570
0991,Iron Bundle,9,Ice,Water,Quark Drive,,,56,80,114,124,60,136,570
0992,Iron Hands,9,Fighting,Electric,Quark Drive,,,154,140,108,50,68,50,570
0993,Iron Jugulis,9,Dark,Flying,Quark Drive,,,94,80,86,122,80,108,570
0994,Iron Moth,9,Fire,Poison,Quark Drive,,,80,70,60,140,110,110,570
0995,Iron Thorns,9,Rock,Electric,Quark Drive,,,100,134,110,70,84,72,570
0996,Frigibax,9,Dragon,Ice,Thermal Exchange,Ice Body,,65,75,45,35,45,55,320
0997,Arctibax,9,Dragon,Ice,Thermal Exchange,Ice Body,,90,95,66,45,65,62,423
0998,Baxcalibur,9,Dragon,Ice,Thermal Exchange,Ice Body,,115,145,92,75,86,87,600
0999,Gimmighoul,9,Ghost,,Rattled,,,45,30,70,75,70,10,300
1000,Gholdengo,9,Steel,Ghost,Good as Gold,,,87,60,95,133,91,84,550
1001,Wo-Chien,9,Dark,Grass,Tablets of Ruin,,,85,85,100,95,135,70,570
1002,Chien-Pao,9,Dark,Ice,Sword of Ruin,,,80,120,80,90,65,135,570
1003,Ting-Lu,9,Dark,Ground,Vessel of Ruin,,,155,110,125,55,80,45,570
1004,Chi-Yu,9,Dark,Fire,Beads of Ruin,,,55,80,80,135,120,100,570
1005,Roaring Moon,9,Dragon,Dark,Protosynthesis,,,105,139,71,55,101,119,590
1006,Iron Valiant,9,Fairy,Fighting,Quark Drive,,,74,130,90,120,60,116,590
1007,Koraidon,9,Fighting,Dragon,Orichalcum Pulse,,,100,135,115,85,100,135,670
1008,Miraidon,9,Electric,Dragon,Hadron Engine,,,100,85,100,135,115,135,670
1009,Walking Wake,9,Water,Dragon,Protosynthesis,,,99,83,91,125,83,109,590
1010,Iron Leaves,9,Grass,Psychic,Quark Drive,,,90,130,88,70,108,104,590
1011,Dipplin,9,Grass,Dragon,Supersweet Syrup,Gluttony,Sticky Hold,80,80,110,95,80,40,485
1012,Poltchageist,9,Grass,Ghost,Hospitality,Heatproof,,40,45,45,74,54,50,308
1013,Sinistcha,9,Grass,Ghost,Hospitality,Heatproof,,71,60,106,121,80,70,508
1014,Okidogi,9,Poison,Fighting,Toxic Chain,Guard Dog,,88,128,115,58,86,80,555
1015,Munkidori,9,Poison,Psychic,Toxic Chain,Frisk,,88,75,66,130,90,106,555
1016,Fezandipiti,9,Poison,Fairy,Toxic Chain,Technician,,88,91,82,70,125,99,555
1017,Ogerpon,9,Grass,,Defiant,Embody Aspect,,80,120,84,60,96,110,550
1018,Archaludon,9,Steel,Dragon,Stamina,Sturdy,Stalwart,90,105,130,125,65,85,600
1019,Hydrapple,9,Grass,Dragon,Supersweet Syrup,Regenerator,Sticky Hold,106,80,110,120,80,44,540
1020,Gouging Fire,9,Fire,Dragon,Protosynthesis,,,105,115,121,65,93,91,590
1021,Raging Bolt,9,Electric,Dragon,Protosynthesis,,,125,73,91,137,89,75,590
1022,Iron Boulder,9,Rock,Psychic,Quark Drive,,,90,120,80,68,108,124,590
1023,Iron Crown,9,Steel,Psychic,Quark Drive,,,90,72,100,122,108,98,590
1024,Terapagos,9,Normal,,Tera Shift,,,90,65,85,65,85,60,450
1025,Pecharunt,9,Poison,Ghost,Poison Puppeteer,,,88,88,160,88,88,88,600
